,企業名,キャッチコピー,ステータス,給与
0,株式会社NST | 総合不動産企業としてグループ年商1000億円を目指して成長中！,自社ブランドマンションの【宅建事務】月給34万円～/土日祝休み 正社員,正社員,月給34万円〜月給50万円+インセンティブ ※経験・スキルを考慮の上、当社規定により優遇 ※上記、給与に…
1,株式会社ゴールドファステート | 【テレビCM放映中の成長企業】※大阪府緊急雇用対策に賛同,"高インセンティブ★平均年収は1,000万円超【営業】WEB面接実施中 正社員",正社員,■固定月給30万円以上＋諸手当＋インセンティブ 【半年に1度昇給あり。主任に上がれば固定月給40万円以上…
2,株式会社要 | ＜ゲームやアプリ開発、インフラ構築など案件豊富＞※未経験OK,【ITエンジニア(開発/インフラ)】★残業平均7H以下★有給即付与 正社員,正社員,月給28〜60万円 ＋ 賞与年2回 ※経験・スキルなどを考慮の上、決定します。 ※時間外手当などは別途全額…
3,株式会社 High mind | menuトップパートナー★大人気Youtuberなどが絶賛PR中,"フードデリバリーアプリ""menu""の【法人営業】年休125日(土日祝) 正社員",正社員,【 月給25万円〜50万円＋インセンティブ 】 経験・スキル・前職給与などを考慮の上、決定します。 固定…
4,クルーガーグループ株式会社 | 自由な月9日休み◆多彩な福利厚生◆NHKパートナー企業の安定性,未経験歓迎♪テレビ業界を応援！【ルートセールス】*1ヶ月半研修 正社員,正社員,■月給制 【関東・甲信越】25万円〜＋歩合 【北海道・宮城】23万円〜＋歩合 【神奈川】26万円〜 【青森】…
5,株式会社オープンハウス | 東証一部上場◆20代の管理職率76％◆年4回昇給&昇格のチャンス有,"9割が未経験スタート！【提案営業】平均年収1,025万円 正社員",正社員,"月給30万円以上＋賞与年2回 ★年収1,000万円突破率は入社3年で30％、5年で60％！ ※経験・スキルを考慮…"
6,UTコンストラクション株式会社 | 大手グループ・安定基盤／年休120日以上・土日休み,未経験歓迎【プロジェクトサポート】平均月収29万円/男性活躍中 正社員,正社員,月給23万円〜30万円＋各種手当 ☆未経験者の平均月収は29.2万円！ ☆経験者の平均月収は36万円！ ※別…
7,株式会社ビッグモーター | ＼業界No.1◆全国店舗で200名採用◆直近1年の最高年収2282万円／,平均年収861万円【カーライフアドバイザー】*経験/学歴/年齢不問 正社員,正社員,月給22万8600円〜70万円（一律手当含む）＋インセンティブ＋賞与年2回＋諸手当 ※ご経験・ご年齢を考慮…
8,UTエイム株式会社 | 大阪府緊急雇用対策に賛同【東証一部上場グループ】★WEB面接OK,コツコツ働ける♪【箱詰め・在庫確認スタッフ】未経験歓迎！ 正社員,正社員,月給20万〜30万円 （月収例：42万円／月給30万円＋手当） ※勤務地により異なります ※経験・能力などを…
9,株式会社ビッグモーター | 業界No.1◆月給23万9800円～☆残業ほぼなし☆面接1回,未経験からはじめる【フロントスタッフ(受付・事務)】*学歴不問 正社員,正社員,【東京・千葉・埼玉エリア】 ◆月給25万3600円〜38万5200円 ＋ 賞与年2回 ＋ インセンティブ ＋ 諸手当 …
10,エムケイ株式会社 | 【大阪府緊急雇用対策に賛同】★社員寮完備 ★40～50代が活躍中,【観光コンシェルジュ(ドライバー)】※直近の平均月収27～45万円 正社員,正社員,昼勤…月給25万円以上 夜勤…月給30万円以上 ★一律手当を含む／業績給は別途支給 ※研修期間（4週間）…
11,UTエイム株式会社 | 大阪府緊急雇用対策に賛同【東証一部上場グループ】★WEB面接OK,ゆとりのある生活を！【工場ラインスタッフ】未経験大歓迎☆ 正社員,正社員,月給20万〜30万円 （月収例：42万円／月給30万円＋手当） ※勤務地により異なります ※経験・能力などを…
12,UTコンストラクション株式会社 | ★大手グループの安定基盤★土日祝休み,☆未経験歓迎☆【総合職(管理・資料作成等)】LINE面接実施中！ 正社員,正社員,月給23万円〜30万円＋各種手当 ☆未経験者の平均月収は29.2万円！ ☆経験者の平均月収は36万円！ ※別…
13,株式会社貴順 | ★未経験歓迎★初期費用0円★週払い・日払い制度有★男女活躍中,【軽ドライバー】都会で稼ぐ！年収1000万円夢じゃない★全国募集 業務委託,業務委託,完全出来高制（1件あたり150円〜240円） ★月収55万円以上のスタッフ8割以上 ☆収入満足度90％以上 ※…
14,東京ビッグハウス株式会社 | 【TOKYO BIG HOUSE/東証一部上場ケイアイスター不動産グループ】,コロナ禍で「戸建て」需要急増中！【不動産営業】月給30万円～！ 正社員,正社員,月給:30万円以上＋賞与年2回（6月・12月）※営業成績・顧客満足度等により算出 ※経験・年齢・能力など…
15,株式会社サカイ引越センター | 《 東証一部上場企業 》★月給25万円★賞与年3回★土日休みもOK,自動車免許が無くても始められる【配送スタッフ】★女性も活躍中 正社員,正社員,◆ 月給25万円〜38万円＋諸手当＋賞与年3回 ※経験などを考慮のうえ、当社規定により優遇します。 ※試…
16,UTコンストラクション株式会社 | 大阪府緊急雇用対策に賛同・東証一部上場グループ,【点検・保守】日勤案件がほとんど/基本土日休み/平均月収29万円 正社員,正社員,月給23万円〜30万円＋各種手当 ☆未経験者の平均月収は29.2万円！ ☆経験者の平均月収は36万円！ ※別…
17,日研トータルソーシング株式会社 | 【大阪府緊急雇用対策に賛同】★オンライン説明会開催中！,「AI・自動化」で需要が拡大！【ロボットのサポートエンジニア】 正社員,正社員,月給22万円〜＋残業手当（100％支給）＋賞与2回 ■残業手当は100％支給します！ 入社後、1ヵ月半(研修期…
18,株式会社ロジカル | コロナ禍・景気にも左右されない安定企業◆面接1回で内定,【ルート営業】前職から10万円以上、給与がUPしたスタッフも！ 正社員,正社員,"月給26万7,823円以上＋諸手当＋歩合給 ※固定残業代8万1,323円・月60時間分を含みます（超過分は別途支給…"
19,日研トータルソーシング株式会社 | 【大阪府緊急雇用対策に賛同】◎90％が未経験入社 ◎定着率95％,＼年休最大160日／ものづくりの【サポートスタッフ】◆賞与年2回 正社員,正社員,【A】月給25万5000円〜 【B】月給23万3000円〜 A…関東・甲信越、東海、近畿・北陸エリア B…北海道・東…
20,株式会社アウトソーシングテクノロジー | R&D事業本部 | 正社員×安心して長く働く×大手メーカーと直取引,キャリアUP前提採用！【メカ・ロボットエンジニア】東海勤務限定 正社員,正社員,◆月給20万円以上＋残業代＋一律手当 ※スキル・経験年数・年齢等を考慮し話し合いの上、決定します。 …
21,DSP株式会社 | 初年度年収450万円以上可/産休育休有/大阪府緊急雇用対策に賛同,【総合職(営業/広報/人事/総務など)】やりたいことが見つかる♪ 正社員,正社員,月給22万円〜50万円 ※上記に固定残業38時間分(4万9千円〜)を含む。超過分は別途支給。 ▼福岡県・熊本…
22,株式会社ビッグモーター | 月給23万9800円～/月8～10日休/土日休OK/賞与年2回/残業ほぼなし,【サービスフロント(受付事務)】未経験歓迎★高卒以上★転勤なし 正社員,正社員,【東京・千葉・埼玉エリア】 ◆月給25万3600円〜38万5200円 ＋ 賞与年2回 ＋ インセンティブ ＋ 諸手当 …
23,株式会社砂建 | 【月給22万円以上！完全週休2日制（土日）の働き方も選べます】,収入も環境面も安心！【メンテナンス】残業ほぼなし／社員寮あり 正社員,正社員,★2つの働き方が選べます。 ▼週休2日制 【月給】24万〜55万円＋諸手当 ▼完全週休2日制 【月給】22万…
24,日本eリモデル株式会社 | 勤続1年以上の平均月収59万3000円【大阪府緊急雇用対策に賛同】,景気に左右されず好調！【企画営業】就職祝金15万円★転勤なし★ 正社員,正社員,[1]月給19万500円〜24万3500円※勤務地により異なる （固定残業代5万3000円〜6万7500円／53h含。超過分別…
25,株式会社ワールドコーポレーション,【管理業務スタッフ】※首都圏限定※未経験歓迎 正社員,正社員,"■月給226,000円以上＋各種手当＋賞与年2回 (固定残業手当32,000円/20H分を含む) ※上記固定残業代いず…"
26,株式会社いーふらん | 高級宝飾時計商おたからや,平均年収927万【営業系総合職／広告等】未経験から自己最高収入 正社員,正社員,給与月給30万円以上 ※残業禁止なので、給与にみなし残業代は含んでおりません。発生した際には、別途残…
27,環境ステーション株式会社 | ★土日祝休み ★残業月20ｈ以内 ★充実の教育制度 ★社宅有,【不動産営業】多くの若手社員が第一線で活躍！未経験者も歓迎！ 正社員,正社員,月給28万円以上+インセンティブ＋賞与年2回 ※入社半年でほとんどの営業が30万円以上(1回)のインセンティ…
28,"高村撮影交通有限会社 | Takamura Shooting crew Transportation, Inc. | 転職者満足度◎",＼若手育成枠／【ロケバスドライバー】★月8~10日休★20代を歓迎 正社員,正社員,【月給22万円〜40万円】 ＋残業代別途全額 ＋住宅手当 ＋賞与年2回 ★サービス残業ゼロ ★経験・スキル…
29,株式会社アーキ・ジャパン | 平均月収53万円(施工管理・技術職)【大阪府緊急雇用対策に賛同】,《希望の勤務地》《高収入》《望む働き方》を実現！【施工管理】 正社員,正社員,◆月給45万1040円〜 ※一律支給の手当、40時間分の固定残業代 9万円〜を含む ※超過分は別途支給します。…
30,株式会社岸田 | 宮崎県内外で案件増加中 ／ 東京・大阪など”全国”を舞台に活躍,スペシャリストになれる【現場スタッフ】★高収入×好待遇を実現 正社員,正社員,月給23万円〜40万円 + 諸手当 ＜モデル月収例＞ 月収30万円／入社1年目／未経験スタート 月収35万円／入…
31,株式会社ワールドコーポレーション | 安定基盤・難しい仕事はありません！,夜勤ナシ！【点検・保守】転職回数不問※全国募集※未経験歓迎 正社員,正社員,"■関東 月給226,000円以上＋各種手当＋賞与年2回 (固定残業手当32,000円/20H分を含む) ■関西/中四国 月…"
32,株式会社栄商 | 【U・Iターン歓迎】引越し費用会社負担 & 住宅費用補助あり,<稼げる> 経験者募集【施工管理(土木/建築/造園/管/電気)】 正社員,正社員,"月給／314,000円〜453,000円 ＋ 完工手当など ※経験・スキルを考慮の上、当社規定により優遇します。 …"
33,株式会社東黎トラスト | 大阪府緊急雇用対策に賛同／完全週休2日制／年間休日休暇120日,コミュニケーションスキルが活かせる【総合職(営業・リサーチ)】 正社員,正社員,月給27万円〜35万円（一律営業手当を含む） + 歩合給 ＋ 諸手当（1室受注するごとに、歩合がつきます） …
34,株式会社エー・エス・エル | 《東証一部上場企業グループ》コロナ禍でも過去最高益レベル！,【ITエンジニア(開発/インフラ) 】★年休123日＆残業月15h程度★ 正社員,正社員,月給30万円〜　＋　賞与年3回 ※入社時点で、前職時の給与額を保証します！ ※経験・スキルなどを考慮の…
35,UTエイム株式会社 | 【超スピード選考】最短当日面談＆当日採用(規定有)！,【サポートスタッフ(データ管理・部品手配等)】★完全週休2日制 正社員,正社員,月給20万〜30万円 （月収例：42万円／月給30万円＋手当） ※勤務地により異なります ※経験・能力などを…
36,エスリード株式会社 | 【東証一部上場企業】業界トップクラスのマンションデベロッパー,未経験OK！【営業職】■平均年収899万円/残業少なめ/格安社宅有 正社員,正社員,月給25万円以上＋インセンティブ＋各種手当＋賞与 ※経験・スキルを考慮し、決定します。 ※同業他社で…
37,UTエイム株式会社 | 【超スピード選考】最短当日面接＆当日採用(規定有)！,【自動車製造スタッフ】転籍実績も多数！★月収42万円以上も可！ 正社員,正社員,月給20万〜30万円 （月収例：42万円／月給30万円＋手当） ※勤務地により異なります ※経験・能力などを…
38,UTエイム株式会社 | 大阪府緊急雇用対策に賛同【東証1部上場グループ】,【半導体装置エンジニア】育成前提！未経験から高収入の技術者へ 正社員,正社員,"月給200,000円〜225,000円（カリキュラム終了後の月収例：月収30万円／月給28.5万円＋手当） ※勤務地に…"
39,株式会社comam | 今年4月に東京に拠点OPEN ／ 採用プロセスは原則WEB面接1回のみ,【営業】▼朝はゆっくり11時出社／高収入を目指せる給与体系 正社員,正社員,月給／26万円以上　＋諸手当 ※年齢、経験、能力を考慮の上、優遇します。 ※待遇条件の詳細については…
40,株式会社グッドワークコミュニケーションズ | 多角的な事業展開で急成長！★☆20～30代大活躍中！☆★,【営業職】★未経験スタート95％★定着率90％★平均月収36万円 正社員,正社員,"◆関東・東北エリア 月給251,000円（固定残業代17,000円10時間分を含） 〜月給300,000円（固定残業代20,5…"
41,株式会社ライジングサンセキュリティーサービス | ☆★新規事業拡大につき50名大募集★☆出張面接も行っています！,福島支社募集【警備】★月給32万~最大42万円！★書類選考なし！ 正社員,正社員,月給32万円〜42万円 ※時間外手当は別途支給 ※上記はあくまでも最低補償額。勤務地によって異なります。…
42,UTエイム株式会社 | 大阪府緊急雇用対策に賛同【東証一部上場グループ】★WEB面接OK,【資材管理スタッフ】★そこそこ高収入＆そこそこ休める環境！ 正社員,正社員,月給20万〜30万円 （月収例：42万円／月給30万円＋手当） ※勤務地により異なります ※経験・能力などを…
43,ソフトバンク営業職合同募集 | 【条件満たす方全員、電話面談確約】★大阪府緊急雇用対策に賛同,35歳以下★ソフトバンクの【法人営業】学歴不問★未経験OK 正社員,正社員,【東京】 月給25万円~40万円＋インセンティブ 【北海道】 月給21万円~25万円＋インセンティブ 【東北】…
44,株式会社ガリレオコーポレーション | 『TVCMでお馴染み』の地場密着企業！昇給チャンスは年3回！！,平均月収80万円！【営業】★40代の新人活躍中！未経験も大歓迎 正社員,正社員,月給25万円以上 ★平均月収80万円！ ※経験・年齢・能力を考慮の上、優遇します。 ※試用期間1〜3ヶ月…
45,株式会社タスカ | 大変だって、キツくったって―。稼げて、自由ならいいじゃない！,これからは、人より短い時間で、稼ぐ生活を！【提案営業】 正社員,正社員,月給25万円〜＋インセンティブ ★利益のMAX30％を還元する業界最高水準の還元率！ ※スキル・年齢を考慮…
46,DSP株式会社 | <大阪府緊急雇用対策に賛同>【完全週休2日】【産休育休実績有】,未経験OK！集客を支援する【法人営業】★土日祝休★残業ほぼなし 正社員,正社員,月給23万円以上 ※給与の金額は、あなたのスキルや能力を考慮した上で、決定となります。 ▼大阪・広島…
47,株式会社ワールドコーポレーション | 大阪府緊急雇用対策に賛同,同期入社多数！【資材管理】★研修充実！※全国募集※未経験歓迎 正社員,正社員,"■関東 月給226,000円以上＋各種手当＋賞与年2回 (固定残業手当32,000円/20H分を含む) ■関西/中四国 月…"
48,株式会社NEXER | リフレッシュ休暇（勤続5年で5万＆5連休付与、10年だと倍に！）,未経験から市場価値を高める！Webマーケティングの【提案営業】 正社員,正社員,【未経験】 月給:25万円〜＋インセンティブ（毎月）＋賞与年2回 【経験者】※法人営業1年以上 月給:30万…
49,株式会社ビッグモーター | ＼社員の85%が平均年収860万円！／◆90%が営業未経験スタート！,業界No.1企業で活躍！【販売・買取スタッフ】★社会人経験者募集 正社員,正社員,月給22万8600円〜70万円（一律手当含む）＋インセンティブ＋賞与年2回＋諸手当 ※年齢・能力を考慮のう…
50,UTエイム株式会社 | 大阪府緊急雇用対策に賛同【東証1部上場グループの安定基盤】,自宅から通勤したい！そんな希望も叶う♪【倉庫内作業スタッフ】 正社員,正社員,月給20万〜30万円 （月収例：42万円／月給30万円＋手当） ※勤務地により異なります ※経験・能力などを…
51,株式会社ビッグモーター | 億単位の設備とクリーンな環境◆月8日以上休み／賞与年2回,未経験歓迎☆年収800万円以上も可能！【自動車整備士】*年齢不問 正社員,正社員,月給22万9900円〜60万円＋インセン（月平均10〜20万円）＋諸手当（資格手当など）＋賞与年2回 ※スキル…
52,株式会社アイダ設計 | テレビCMでお馴染みの企業！成長が止まらないハウスメーカー★,将来は各店舗の責任者として活躍！注文住宅の【建築設計】 正社員,正社員,[経験者(管理職候補)] 月給45〜60万円＋手当 例)基本給60万＋資格手当2万＝月収62万円 年収744万円＋賞与…
53,"洛陽交運株式会社 | ヤサカグループ／月額17,000円～即入寮できる社宅あり！",京都での新スタートを応援【タクシードライバー】年休120日以上 正社員,正社員,月給20万円（当社規定による） （未経験者は入社後半年間、月給20万円を保証） ※一定額を上回る運送収入…
54,東建コーポレーション株式会社 | エリア勤務でも高収入、地元で安心できる生活を手に入れよう！,＼年休127日／【 営業 】東海エリア募集＊未経験＊年齢不問 正社員,正社員,"月給26万3,000円以上＋諸手当＋業績連動成果給 ※月給は、固定残業代【47時間分（6万9,000円以上）】を含…"
55,UTエイム株式会社 | 【東証一部上場グループ】★WEB面接OK／今月入社も可能,未経験・第二新卒OK【総合職(組立・検品等)】オープンポジション 正社員,正社員,月給20万〜30万円 （月収例：42万円／月給30万円＋手当） ※勤務地により異なります ※経験・能力などを…
56,ソフトバンク営業職合同募集 | 【条件満たす方全員、電話面談確約】★大阪府緊急雇用対策に賛同,ソフトバンクの【法人営業】未経験OK★高卒以上 正社員,正社員,【東京】 月給25万円~40万円＋インセンティブ 【北海道】 月給21万円~25万円＋インセンティブ 【東北】…
57,東建コーポレーション株式会社 | ◎平均年収819万円　◎全国採用実施中（自宅近くの拠点を考慮）,社会人経験があればOK！【営業系総合職】※年齢不問／全国募集 正社員,正社員,"月給26万3,000円以上＋諸手当＋業績連動成果給 ※月給は、固定残業代【47時間分（6万9,000円以上）】を含…"
58,東建コーポレーション株式会社 | ＊年齢に関わらず『まだまだやれる』そんな職場環境があります＊,40～50代活躍中！【営業】※全国募集/未経験歓迎/年齢不問 正社員,正社員,"月給26万3,000円以上＋諸手当＋業績連動成果給 ※月給は、固定残業代【47時間分（6万9,000円以上）】を含…"
59,UTエイム株式会社 | 大阪府緊急雇用対策に賛同【東証一部上場グループ】,【製造スタッフ】未経験から高収入！★月収最大42万円も可能 正社員,正社員,月給20万〜30万円 （月収例：42万円／月給30万円＋手当） ※勤務地により異なります ※経験・能力などを…
60,東建コーポレーション株式会社 | ＼若手限定求人／ 20代で年収100万円以上UPの先輩多数！,未経験から稼ぎたい方必見！【 営業職 】※全国募集※30歳まで 正社員,正社員,"月給26万3,000円以上＋諸手当＋業績連動成果給 ※月給は、固定残業代【47時間分（6万9,000円以上）】を含…"
61,ソフトバンク営業職合同募集 | 【条件満たす方全員、電話面談確約】★大阪府緊急雇用対策に賛同,ソフトバンクの【ソリューション営業】★高卒以上★40歳以下 正社員,正社員,【東京】 月給25万円~40万円＋インセンティブ 【北海道】 月給21万円~25万円＋インセンティブ 【東北】…
62,株式会社インヴァランス | IoTを取り入れたマンションを展開★高インセンティブ制度有,投資用マンションを提案する【不動産営業】未経験OK 正社員,正社員,月給：26万円 ＋ インセンティブ ※経験・能力・スキル等を考慮の上、当社規定により決定します。 ※固…
63,KUROFUNE＆PARTNERS株式会社 | ★入社1年目全員が未経験で年収500万円以上の実績★,未経験からキャリアを広げる【総合職(バイヤー/融資コンサル)】 正社員,正社員,月給30万円〜60万円＋歩合 ※経験・能力等を考慮の上、当社規定により優遇します。 ※試用期間1〜6ヶ月あ…
64,KUROFUNE＆PARTNERS株式会社 | ★入社1年目全員が未経験で年収500万円以上の実績★,前職のスキルを活かせる【買取査定スタッフ】※社会人経験者募集 正社員,正社員,月給30万円〜60万円＋歩合 ※経験・能力等を考慮の上、当社規定により優遇します。 ※試用期間1〜6ヶ月あ…
65,株式会社あきんどスシロー | 東証一部上場グループ／引越費用全額負担＆社員寮有・賞与年2回,【店舗スタッフ】店長平均年収は約719万円！コロナ禍も安定経営 正社員,正社員,"月給21万5,000円〜 【月収例（店長）】 月収39万7,000円（内訳は以下の通り） 役職手当：16万円 住宅手…"
66,株式会社アミ―クス | 『トータルリペア』オーナー募集,リペア職人として1人で独立！トータルリペアの【FCオーナー】 FCオーナー,FCオーナー,完全出来高制となります。 施工原価はわずかな塗料等の材料費だけなので利益率が高いのが特徴。 例えば…
67,サンリスト株式会社 | 《イイとこどりの好環境》★未経験歓迎 ★若手活躍中 ★面接確約,「長く働けて、待遇UPできる」職場を選びませんか？【提案営業】 正社員,正社員,月給25万円〜40万円 + 諸手当 + インセンティブ ※上記はあくまで最低保証額です。年齢、経験、能力を考…
68,中国化工建設株式会社 | 【東証一部上場「ショーボンドホールディングス」グループ】,収入と安定を手に入れろ！【施工管理】☆賞与６～10ヵ月実績 正社員,正社員,"月給：21万4,000円以上＋諸手当 ※年齢、経験、能力を考慮の上、優遇いたします ※試用期間6ヶ月（待遇…"
69,株式会社リグラス | 【設立4年で売上50億達成の成長企業】営業職の平均年収1000万円,年収1500万以上を目指せる！【幹部候補】募集 正社員,正社員,月給:30万円＋インセンティブ＋各種手当（奨学金支援制度＋資格手当など） ※学歴（大学院了、四大、短…
70,株式会社トライトキャリア | 有給取得率50％越/年収600万円以上可/大阪府緊急雇用対策に賛同,土日祝休＆年休120日!医療・福祉業界の【キャリアアドバイザー】 正社員,正社員,◆月給23万円〜40万円+賞与年2回 ※年齢・経験・スキルを十分考慮の上、当社規定により優遇いたします …
71,株式会社ジーアフター | 【大型店新規オープン】＊千葉県トップクラスの中古車販売店,車を美しく仕上げる【商品化スタッフ(コーティング等)】未経験OK 正社員,正社員,月給25万円〜 ＋ インセンティブ ※経験や年齢等を考慮し、当社規定により決定致します ※試用期間3ヶ…
72,株式会社クリア | メンズ美容のリーディングカンパニーへ　脱毛サロンを全国70店舗,【メンズ脱毛の提案・施術スタッフ/店長】未経験から高収入！ 正社員,正社員,■月給22万円＋インセンティブ (内訳：基本給20万円+みなし残業代2万円(14h分) ■店長：月給26万円＋イ…
73,株式会社テクトン | 「未経験で心配・・・」そんなあなたを応援する会社,Excel、Word、PowerPointをイチから学ぶ！男女不問！【事務職】 正社員,正社員,■月給22万円〜35万円 ※前職給与・経験・年齢・能力などを考慮して、給与額を決定します。 ※30時間分の…
74,株式会社大阪真和エンタープライズ | 【売上高122億円以上を誇るLALLグループ】◆独立支援制度あり！,既存顧客中心！投資用不動産【営業】未経験歓迎／完全週休2日 正社員,正社員,月給24万円以上＋歩合給＋各種手当+賞与（年2回） ※経験やスキルを考慮し決定します。 ※上記給与には…
75,株式会社ジーアフター | お休み増えてます♪今年7月より5日増えて年間休日は120日です◎,急募★新規通販部門の【事務スタッフ】メール対応・営業サポート 正社員,正社員,月給26万5000円〜 ※経験や年齢、スキル等を考慮の上、当社規定により決定致します ※上記の月給には時…
76,株式会社ハンナ | 普通免許があれば応募OK！収入・働く環境などカスタマイズできる,業界をリードする優良会社で活躍【ドライバー】月収40万円超も可 正社員,正社員,月給17〜45万円 + 諸手当 + 賞与年2回 《入社1年目のモデル月収例》 ・月収35〜45万円／10tドライバー …
77,HITOWAライフパートナー株式会社 | 全国募集★不況でも売上昨対超え！自宅開業OK★転勤なし！,面談確約【店舗経営】研修制度◎稼ぎ◎自由さ◎学歴・年齢不問！ FCオーナー,FCオーナー,"【月収にすると約60万円が平均！】月100万円以上稼ぐ方も◎ 売上1,111,617円ー（原価：55,581円＋販管費…"
78,NITOH株式会社 | ★福利厚生充実★フラットな社風★未経験から年収1000万円が可能,【不動産営業】★土日休み★高インセンティブ★平均年収863万円 正社員,正社員,【収入 or ワークライフバランス／希望の働き方を選べる】 ◆A：高収入重視⇒週休2日(毎週日曜+第1・3・…
79,UTエイム株式会社 | 大阪府緊急雇用対策に賛同【東証一部上場グループ】★安定基盤,シンプルワーク中心【軽作業スタッフ(梱包・検品等)】未経験OK！ 正社員,正社員,月給20万〜30万円 （月収例：42万円／月給30万円＋手当） ※勤務地により異なります ※経験・能力などを…
80,創建プランニング株式会社 | 頑張った分だけ収入アップ◎社員に還元する嬉しい体制を完備！,【営業アシスタント】未経験から年収1000万円も！◎残業ほぼナシ 正社員,正社員,月給20万円〜 ＋ インセンティブ + 手当 ◎このほかに定期的な賞金制度など、成果に応じて給与がプラスさ…
81,株式会社アクアライン | 東証マザーズ上場企業◎修理実績168万件以上◎知名度急上昇中！,【水まわり緊急修理サービススタッフ】業種職種未経験OK 正社員,正社員,(1)月給30万円〜 (2)月給28万円〜 (3)月給25万円〜 (4)月給23万円〜 (5)月給21万円〜 ※固定残業代(月30…
82,大同生命保険株式会社 | ★業界経験一切不問 ★有給取得実績多数 ★転勤なし ★土日休み,基本17時退社★平均月給43.4万円【法人営業】※社会人経験者限定 正社員,正社員,初任給 月給16万〜25万円＋諸手当(地域・能力により異なる) ※試用期間2ヶ月あり（条件変更なし） ＜＜ …
83,大基興業有限会社 | 入社祝い金あり／完全週休2日・完全週休3日も選べます,月給33万円スタートもOK【メンテナンススタッフ】※ほぼ残業なし 正社員,正社員,《休みが選べる!》 【週休2日制】月給28万円〜33万円+皆勤手当 【完全週休2日制】月給24万円〜28万円+皆…
84,株式会社アール・エム | 【大阪府緊急雇用対策に賛同】入社1年目から昇進・昇級続々！,未経験入社が90％以上【提案営業】2020年度最高月収331万円！ 正社員,正社員,月給25万円＋インセンティブからスタート ※固定残業代5万5900円(40時間分)含む。時間超過分は追加支給…
85,株式会社PE-BANK | ◆案件5万件越 ◆日本最大級の総合ITフリーランスサポート企業,【ITエンジニア】全員が収入UPを実現＝平均年収700万円！ 業務委託,業務委託,完全歩合制 【契約金額の88〜92％】（契約金額は案件内容による） ※希望報酬額・スキル等を考慮して優遇…
86,株式会社ライジングサンセキュリティーサービス | ★面接保証あり★20～60代が活躍中★月給最大29万8000円！,【施設常駐スタッフ】書類選考なし★女性活躍中★福島エリア募集 正社員,正社員,月給16万円〜29万8000円 ※時間外手当は別途支給 ※上記はあくまでも最低補償額。勤務地によって異なりま…
87,UTエイム株式会社 | 大阪府緊急雇用対策に賛同【東証一部上場グループ】,貯金UPを目指せる！【機械操作スタッフ】★月収42万円以上可能 正社員,正社員,月給20万〜30万円 （月収例：42万円／月給30万円＋手当） ※勤務地により異なります ※経験・能力などを…
88,インターギアソリューション株式会社 | 【業界トップクラスの売上規模/メンバー数】★応募の秘密は厳守,【代理店開拓アポインター営業】★オープニングメンバー 業務委託,業務委託,"固定報酬時間額 2,000円 +（インセンティブ） ※契約後3ヶ月間は、固定報酬時間額1,400円+インセンティブ…"
89,株式会社サンディ | ドイツ発“ボックスストア”ビジネスの国内パイオニア！,未経験歓迎！【店長候補】賞与実績5ヶ月以上(2020年度実績) 正社員,正社員,"■大卒／月給23万6,000円〜 ■短大卒／月給22万400円〜 ■高卒／月給20万2,800円〜 ※年齢、経験、能力…"
90,株式会社HiiizL | 【大阪府緊急雇用対策に賛同】教育評価制度充実/新規事業拡大中,【イベントPR・営業】政府推奨アワード受賞／3ヵ月で即戦力に！ 正社員,正社員,月給22万円以上 + インセンティブ +賞与年2回 ※固定残業代（30時間分／4万円）を含みます。 　超過分は…
91,インターギアソリューション株式会社 | 【業界トップクラスの売上規模/メンバー数】★応募の秘密は厳守,【求人広告アポインター営業】★未経験1年目の平均月収40万円 業務委託,業務委託,"固定報酬時間額 2,000円 +（インセンティブ） ※契約後3ヶ月間は、固定報酬時間額1,400円+インセンティブ…"
92,株式会社プレサンスコーポレーション | #東証一部上場#投資用マンション#教育体制充実#未経験歓迎,や～どかりかり♪のCMでお馴染み◎業界NO.1の【営業職】 正社員,正社員,◆月給30万円＋業績給 ※業績給は実績に基づき、正当に評価します ※研修期間3ヶ月間は月給28万円〜
93,"サングローブ株式会社 | ★創業7期目で15,000社と直取引★年休130日/土日祝休み/残業ゼロ",新しいカタチの【法人営業】★未経験から年収1000万可★Web集客 正社員,正社員,【1.営業経験者】 月給35万円〜 【2.Webインサイドセールス営業経験者】 月給52万円〜 【3.営業未経験…
94,三井住友トラスト不動産株式会社 | 三井住友信託銀行グループ｜＼[COVID-19]の影響なく採用実施！／,銀行グループだからできる《好環境・高収入》／【売買仲介営業】 正社員,正社員,月給24万5000円以上 ※経験・年齢を考慮の上、当社規定により優遇します。 ※給与は年2回の見直しがあり…
95,株式会社エムピーキッチン | 上場も視野に拡大中/月平均8日休/サービス残業0/賞与年2回,年齢・経験不問！実力次第で年収480万円以上も可能【店長候補】 正社員,正社員,月給21万円〜28万円+残業代＋深夜割増手当＋深夜特別手当＋業績賞与（年2回） ◎経験・スキルを考慮の上…
96,株式会社free mova,【総合職】事務・CA・営業など◎年休127日◎未経験◎フレックス 正社員,正社員,月給23万円〜30万円＋賞与2回＋昇給2回＋インセンティブ ※上記金額には、固定残業手当30時間分（4万2000…
97,株式会社T-TOP | コロナ禍でも安定ニーズ◎【大阪府緊急雇用対策に賛同】,★完全週休2日＆月給25万円～★【営業スタッフ】転勤なし！ 正社員,正社員,◆完全週休2日制／月給25万円〜 ◆隔週休2日制／月給28万円〜 ＜モデル月収例＞ 月収40万円／入社半年…
98,株式会社ライジングサンセキュリティーサービス | 【★面接保証！20～60代活躍中★未経験スタート大歓迎★】,＼ひたちなか・水戸募集／【警備・受付】★月給最大38万円も可能 正社員,正社員,月給24万円〜38万円 ※時間外手当は別途支給 ※上記はあくまでも最低補償額。勤務地によって異なります。…
99,株式会社PGSホーム | 残業ほぼ無し！休日出勤は一切無し！ワーク・ライフ・バランス◎,【営業総合職】※月給40万円スタート！入社祝金最大138万円支給 正社員,正社員,月給25万円〜50万円＋高額歩合給(本数達成賞＋オーダー手当) ★月給40万円スタート(※)！さらに今だけ！…
100,株式会社山崎機械店 | 【創業76年の専門商社】賞与年3～4ヶ月／年収1000万円を目指せる,群馬で活躍！【営業】★残業月平均20h以内※未経験歓迎 正社員,正社員,月給21万円以上 ※経験・スキル・年齢を考慮の上、決定します。 ※試用期間3ヶ月(待遇に変更はありません)
101,益三建設株式会社 | ＜設立50年！地域に愛された会社＞＊UIターン歓迎＊住宅手当あり,企画型注文住宅の【ホームアドバイザー】★業界・職種未経験歓迎 正社員,正社員,"月給 212,500円 〜 417,000円＋賞与年2回（昨年度実績3カ月分） ※スキル・経験を考慮の上、当社規定に…"
102,株式会社メディオテクノ | #月8～10日休(完全週休2日)#若手活躍中#退職者は3年間ゼロ,今を変える異業種転職◎収入と休日が自慢できる【施工スタッフ】 正社員,正社員,"■月給26万円〜31万円(一律各種手当含む)＋稼動インセンティブ ※試用期間中(3ヶ月) 月給25万9,500円(イ…"
103,株式会社PGSホーム | 今なら入社祝金最大138万円支給！インセンティブ・報奨金も充実,【アポインター営業】リサーチャー(市場調査)※月給40万スタート 正社員,正社員,月給25万円〜50万円＋報奨金(本数達成賞＋オーダー手当) ★今だけ！入社祝金18万円＋半年間の業績に応じ…
104,センコー株式会社 | ★入社1年で年収1300万円実績あり／FC加盟70店舗→今年100店舗へ,退去立会いFC本部の【SV/加盟店営業】★年休124日／残業なし 正社員,正社員,月給30万円〜50万円＋手当＋インセンティブ＋賞与 ★インセンティブは青天井 一人ひとりの成長度合いに…
105,株式会社イー・トラスト | 【CMでもお馴染み！関西トップクラスの総合不動産グループ！】,【営業】■月給30万円■未経験OK■残業ナシ■賞与3回■16連休有 正社員,正社員,月給30万円以上 ※経験能力を考慮し優遇します。 ※試用期間1〜3ヶ月間は日給1万円です。 ※成績は賞与…
106,エフエルシープレミアム株式会社 | 【大阪府緊急雇用対策に賛同】東証二部上場企業のグループ！,【総合職(営業・内勤営業・販売・企画)】★未経験者歓迎！ 正社員,正社員,"月給23万5000円以上 + 毎月インセンティブ ＋ 各種手当 ※固定残業代（5万8,280円以上/45時間相当）含む…"
107,株式会社リロパートナーズ | 【リログループ】※(株)トキオランディックスへの出向です。,★☆若手（40歳以下）大募集☆★ ゼロからSTART！【提案営業】 正社員,正社員,"月給251,000円以上＋賞与年2回＋報奨金 ※経験・年齢を考慮の上、 　当社規定に基づき決定します。 ※給…"
108,株式会社アサンテ | <東証一部上場>★創業50年&国内売上No.1の安定基盤★未経験OK,年齢&志望動機不問！【営業】★手取月50万～も可能★賞与4ヵ月分 正社員,正社員,"■月給21万円〜25万円＋業績給＋賞与年2回（基本給4ヵ月分） ※固定残業代（30時間分・3万9,400円〜）含…"
109,株式会社アキュラホーム,過去最高益へ！【注文住宅営業】※業界未経験OK 正社員,正社員,【固定月給】23万〜40.8万円 ※月30時間分の見込み残業手当（5万円〜7万5000円）含む 　超過分は別途支…
110,KUROFUNE＆PARTNERS株式会社 | ★オープニングスタッフ募集★1年目全員が年収500万円以上の実績,#未経験歓迎 #月給30万円スタート #車通勤OK #転勤なし【営業】 正社員,正社員,月給30万円〜60万円＋歩合 ※経験・能力等を考慮の上、当社規定により優遇します。 ※試用期間1〜6ヶ月あ…
111,株式会社アキュラホーム | 「グッドデザイン賞」9年連続受賞,リフォーム事業の【新規立上げ責任者候補】年収1000万円以上も可 正社員,正社員,"【月給】470,000〜630,000円 ※試用期間：3ヶ月（処遇に変動はありません） ※給与は、経験・能力を総合…"
112,株式会社そら | 【コロナで注目度UP！「Dr.ストレッチ」を全国展開】完全週休2日,【ストレッチトレーナー】＊働きやすさも待遇も抜群！未経験OK♪ 正社員,正社員,"月給 226,000円〜290,000円 +各種手当 ※昇給年4回！アナタの頑張りを随時評価します♪ ※月給には固定…"
113,株式会社グラスト | ★20代中心に活躍中 ★連休や土日休みも相談OK ★転勤なし,【携帯受付スタッフ】★完全週休2日制 ★残業ほぼなし 正社員,正社員,月給25万円以上＋諸手当 ※経験・スキル・年齢を考慮の上、決定します。 ※試用期間3か月（期間中の待遇…
114,有限会社グリーンアンドハウス | ★【無垢スタイル建築設計】のグループ会社として安定経営,本格的な輸入住宅などの多彩な案件に挑む【設計職】※経験者優遇 正社員,正社員,月給25万円〜65万円＋評価給 ※前給・経験・実績・能力等を考慮の上、優遇いたします 。 ※研修期間3ヶ月…
115,株式会社ミュゼプラチナム | ★週休3日もOK★コスメ社割／全身美容脱毛0円★WEB面接1回,【受付カウンセラー】未経験歓迎★34歳までの方限定★賞与年4回 正社員,正社員,【1】月給24万円以上 東京/神奈川/埼玉/千葉/茨城/静岡/山梨/ 岐阜/愛知/三重/滋賀/大阪/京都/奈良/兵庫…
116,"株式会社誠進堂 | 売上は昨対比170％アップ！／支店長の平均年収は1,500万円以上！",本気になれる会社だから、人生が変わる！【営業】※支店長候補 正社員,正社員,月給23万円〜 ＋ 諸手当 ＋ インセンティブ ※経験・年齢を考慮の上、優遇します ※試用期間中（3ヶ月）…
117,大阪第一交通株式会社 | 【 業界大手！第一交通産業グループ 】大阪府緊急雇用対策に賛同,安定収入&自由な働き方【タクシードライバー】年収500万円以上可 正社員,正社員,"■月給21万円 + 歩合給 + 諸手当 + 賞与（年3回） 【試用期間3ヶ月】 乗務前・二種取得期間：日給7,000円…"
118,株式会社フレックス | 黒字経営を継続中/大阪府緊急雇用対策に賛同/月収40万円も可能！,★土日祝休み＆残業少なめ★【反響営業】※八尾限定募集 正社員,正社員,◆月給20万円〜30万円 ＋ 諸手当 ＋ 賞与（年2回）＋報奨金 ★月収40万円も可能！ ※月給は最低支給額…
119,東京エムケイ株式会社 | 《未経験でも研修3ヶ月計100万円の保証給》★有給取得率80％超,最高級サービスを届ける【コンシェルジュドライバー】※学歴不問 正社員,正社員,▼3ヶ月の保証給<合計100万円！>＋各種お祝い金有 1ヶ月目:月給30万円 2・3ヶ月目:月給35万円 4ヵ月目以…
120,ロイヤルハウジング株式会社 | 【創業47年／ロイヤルグループ】昨対比売上150％以上！,高収入を目指せる【売買仲介営業】★業績賞与年3回★100％反響 正社員,正社員,"【経験者】月給28万円〜60万円＋業績賞与（年3回）+報奨金（5万円〜）+諸手当 【未経験者】月給23万5,000…"
121,株式会社エージェントゲート | ★有給取得率100％★産休育休取得＆復帰率100％★定着率90％超★,【ITサポートスタッフ】年休130日以上＆残業なし☆全員面談☆ 正社員,正社員,月給22〜30万円 ※上記には一律のみなし残業手当が含まれています。 ※30時間分／4万円以上 ⇒みなし残…
122,株式会社HIPOWER　 | 完全週休2日制(土日祝) / 年休120日以上 / 残業月10～20h程度,自然エネルギー事業に携わる【企画営業】成約率90％★賞与年3回 正社員,正社員,◆東京：月給24万円〜 ＋ 賞与年3回 ＋ 諸手当 ◆その他：月給22万円〜 ＋ 賞与年3回 ＋ 諸手当 ※あな…
123,株式会社インターレイズ | 脱毛サロン「STLASSH(ストラッシュ)」就職したい脱毛サロンNo.1*,未経験・高卒OK！【エステティシャン】★引越・入社祝金支給あり 正社員,正社員,◆月給21万円〜40万円＋達成手当＋賞与年2回 ◎ボーナス(年2回) ◎店舗売上達成手当(3万円〜／月) ◎目標…
124,株式会社修優舘 | 基本残業ゼロ｜賞与年3回+業績給｜オープニング募集もあり,＼2人に1人が年収700万円超／最新CM公開中【講師・教室長候補】 正社員,正社員,月給21万5000円以上（一律手当1万円含む）＋インセン＋賞与年3回 ★半数以上の講師が月収30万円以上＆年…
125,株式会社建築資料研究社 | 資格系スクール「日建学院」を運営【大阪府緊急雇用対策に賛同】,★全国募集★【ライセンスアドバイザー】※高卒以上募集 正社員,正社員,"月給27万7,000円〜（一律営業手当含む）＋インセンティブ＋各種手当（車両持込手当など） ※固定残業代…"
126,株式会社エージェントゲート | Web面談実施中★年間休日130日★Python／Java／Rubyなど案件多数,【プログラマ】*ずっとPGを続けて収入UP*全員面談*土日祝休み 正社員,正社員,経験3年以上の方／月給30万円〜 経験1年以上〜3年未満／月給25万円〜35万円 経験1年未満／月給23万円〜30…
127,株式会社ネオキャリア | 【働き方改革成功企業】*昨年本格始動した新規事業*前比170％UP,自社求人広告メディアの【営業職】*年間休日128日*月給30万円～ 正社員,正社員,月給30万円以上 ＋ インセンティブ（実績に応じ毎月支給） ※前職・経験・能力を考慮の上、決定します。…
128,株式会社テイクス | 【品川・東北事業所】エンジニアが主役！上場企業グループ会社,【ITエンジニア】培った技術でキャリアを切り開く！※転勤なし 正社員,正社員,◆月給22万円〜50万円+賞与　※高収入を掴むことも可能です。 ※異業種での経験を含めて、知識・スキル…
129,株式会社ビッグモーター | 【最新設備多数！】★月8～10日休★年収800万円も可！★面接1回,【クルマの修復スタッフ(鈑金・塗装)】未経験から技術を磨けます 正社員,正社員,"月給228,600円〜35万円＋インセンティブ（月平均10〜20万円）＋諸手当 ※スキル・経験等を考慮し、決定…"
130,株式会社フレックス | 創業約60年/黒字経営を継続中/大阪府緊急雇用対策に賛同,★吹田限定募集★大阪ガスグループの【反響営業】※土日祝休み 正社員,正社員,◆月給20万円〜30万円 ＋ 諸手当 ＋ 賞与（年2回）＋報奨金 　 ★月収40万円も可能！ ※月給は最低支給…
131,株式会社テイクス | 【池袋事業所】21年連続増収増益！上場企業グループ会社,【ITエンジニア】スキルを活かそう※学歴不問※希望のみ転勤あり 正社員,正社員,◆月給22万円〜50万円+賞与　※高収入を掴むことも可能です。 ※知識・スキル・経験年数等最大限考慮し…
132,株式会社エージェントゲート | 定着率94%★全員Web面談実施中★年間休日130日,【インフラエンジニア】★経験の浅い方歓迎★ブランクある方もOK 正社員,正社員,経験3年以上の方／月給30万円〜 経験1年以上〜3年未満／月給25万円〜35万円 経験1年未満／月給23万円〜30…
133,株式会社フレックス | 創業約60年/黒字経営を継続中/大阪府緊急雇用対策に賛同,東大阪＆大東限定募集★大阪ガスグループの【反響営業】土日祝休 正社員,正社員,◆月給20万円〜30万円 ＋ 諸手当 ＋ 賞与（年2回）＋報奨金 ★月収40万円も可能！ ※月給は最低支給額…
134,株式会社モリシン電気設備 | 週休2日／皆勤・家族手当など完備【大阪府緊急雇用対策に賛同】,経験者募集！【電気工事】前職給与を保証・月収50万円以上も可能 正社員,正社員,月給30万円〜＋諸手当＋賞与年2回 ★前職給与を保証！★ 「給与が下がるかもしれないし、 　転職するの…
135,株式会社ビッグモーター | 業界No.1企業の安定性／面接1回／転勤なし／連休OK！,【登録事務スタッフ】☆未経験歓迎☆基本定時退社☆土日休み 正社員,正社員,"【東京・埼玉・千葉】 月給233,600円以上 ＋ 賞与年2回 ※経験・能力等を考慮し決定いたします。 ※固定…"
136,株式会社ビッグモーター | 業界No.1の実績＆安定性／転勤なし／残業なし／土日休み,未経験から【事務】デビュー★月給23.98万円～★好きな街で活躍 正社員,正社員,【東京・千葉・埼玉エリア】 ■月給25万3600円〜38万5200円 ＋ 業績給 ＋ 賞与年2回 【上記以外のエリア…
137,株式会社一条工務店 | ★戸建注文住宅の販売棟数《業界No.1！》★木造部門は8年連続,完全反響型！戸建住宅の【営業・販売】*WEB説明会開催*全国募集 正社員,正社員,月給21万7500円〜（営業手当一律2万4500円含む）＋インセンティブ ※試用期間3ヶ月、待遇同じ ※別途諸…
138,株式会社ラビット・カーネットワーク | ☆東証一部上場USSグループ/充実の研修あり/TVCMでお馴染み,＼未経験者歓迎／来店型がメイン！【車の買取・販売スタッフ】 正社員,正社員,月給18万円〜30万円＋業績給＋各種手当＋賞与年2回 ※年齢・経験などに応じて上記の金額に加給優遇いた…
139,JTA株式会社 | 【20代で年収1000万円超えの社員続出中！】◆土日休み◆転勤なし,本気で年収1000万円を目指す方へ【営業】高率インセン＋随時昇給 正社員,正社員,月給25万円以上＋高率インセンティブ＋随時昇給 ※上記はあくまで最低保証給です。 ※経験・年齢を考慮の…
140,株式会社タウンハウジング | 【CMも放映！今期過去最高益の見込】1都3件に102店舗展開！,【ルームアドバイザー】★個人ノルマなし　★長期休暇たっぷり！ 正社員,正社員,"◆月給24万5,000円以上 ＋ 充実の手当 ＋ 歩合給 ※経験・年齢を考慮のうえ、当社規定により優遇いたし…"
141,株式会社優誠 | 【大阪府緊急雇用対策に賛同】ノルマなし＆成約率は50％以上！,【営業スタッフ】未経験OK／月収100万円超も可能／基本土日休み 正社員,正社員,"月給23万5,000円〜35万円＋インセンティブ＋諸手当＋賞与 ※年齢・経験・スキルを考慮の上、当社規定に…"
142,株式会社ビッグモーター | マイカー通勤OK◆年収例500万円（26歳：未経験入社3年目）,未経験歓迎★1～2時間の短距離★普通免許でOK【配送ドライバー】 正社員,正社員,月給27万8600円〜40万円 ＋ 賞与年2回 ＋ 諸手当 ※スキル・経験等を考慮し、決定いたします。 ※配送手…
143,株式会社九州エネコ | 《年収例／3年目 880万円／3年目 738万円／6年目 1421万円》,★年休120日以上/完休2日制/転勤なし/社員寮あり★【営業】 正社員,正社員,"月給27万円 + 歩合給（1件あたり7〜10万円） ★年収1,000万円以上が多数在籍！ ★経験が無い方でも安心し…"
144,株式会社ハマエンジニアリング | 賞与年3回支給★20代で年収450万円超えも可能／web面接実施中,＼大分・長崎限定採用／ 【半導体メンテスタッフ】※交代勤務 正社員,正社員,"月給170,000円〜400,000円 ＋ 賞与年3回 ＋ 各種手当 ※研修期間は約2週間を予定（条件変更無） ※残業…"
145,株式会社テクトン | WEB面接可／年間休日125日／土日祝休み／残業少なめ,スキルアップもプライベートも満喫できる！【ITエンジニア】 正社員,正社員,■月給30万円〜70万円 ※前職給与・経験・年齢・能力などを考慮して、給与額を決定します。 ※30時間分の…
146,株式会社アイエスエフネット | 【大阪府緊急雇用対策に賛同】★在宅勤務OK★年間休日126日,年収200万UP実績あり【インフラエンジニア】★選べるキャリア 正社員,正社員,【月給40万円~】＋インセンティブ賞与(月~20万/年~240万)・諸手当を別途支給 ★経験・スキルを考慮して…
147,株式会社コシダカ | 【上場グループ企業】月8~10日休★土日休みもOK★年2回5連休あり,研修充実★【カラオケ店舗社員(店長候補)】※高卒以上/年齢不問 正社員,正社員,エリア別の月給になります。 【A】月給23万円〜48万円 【B】月給22万円〜47万円 【C】月給21万円〜46万…
148,株式会社アイエスエフネット | 【大阪府緊急雇用対策に賛同】★インセンMAX60％★残業ほぼナシ,月35万～【ITエンジニア】★有給消化81％★在宅勤務OK／学歴不問 正社員,正社員,【月給35万円~】＋インセンティブ賞与(月~20万/年~240万)・諸手当 ▼設計構築5年以上の経験者 【月給40…
149,DSP株式会社 | 入社半年で月収100万円以上の社員多数/大阪府緊急雇用対策に賛同,アニメやスポーツ番組の【反響営業】完全週休2日★学歴不問！ 正社員,正社員,月給22万円〜51万円＋インセンティブ ※上記に固定残業38時間分(4万9千円〜)を含む。超過分は別途支給。 …
150,株式会社コシダカ | 【上場グループ企業】スピード昇格可★土日休みOK★年2回5連休,月30万を目指せる【カラオケ店員(店長候補)】*39歳以下/学歴不問 正社員,正社員,エリア別の月給になります。 【A】月給23万円〜48万円 【B】月給22万円〜47万円 【C】月給21万円〜46万…
151,株式会社アイエスエフネット | 【大阪府緊急雇用対策に賛同】★インセンMAX60％/69％が毎年昇給,年休126日×平均残業7.8h【ITエンジニア】在宅勤務OK／高卒以上 正社員,正社員,<東京/埼玉/神奈川/千葉> (1)月給27万円~＋インセンティブ賞与・諸手当 <静岡/愛知/大阪> (2)月給26.5万…
152,株式会社ビッグモーター | 業界No.1企業／賞与年2回／年収800万円以上可能／残業少なめ,インセンあり！【自動車の整備スタッフ】◆未経験歓迎※45歳以下 正社員,正社員,"月給22万8,600円〜60万円＋インセンティブ（月平均10〜20万円）＋諸手当 ※スキル・経験等を考慮し、決…"
153,株式会社コシダカ | 【上場グループ企業】土日休みOK★月収29.4万円も目指せる！,社員評価90点越えの働きやすさ！【店舗マネージャー】★高卒以上 正社員,正社員,エリア別の月給になります。 【A】月給23万円〜48万円 【B】月給22万円〜47万円 【C】月給21万円〜46万…
154,株式会社コシダカ | ★月収例29万4000円！★年休110日以上★東証一部上場グループ,カラオケ好き集合♪【カラオケ店舗社員】※職歴/学歴/年齢不問 正社員,正社員,エリア別の月給になります。 【A】月給23万円〜48万円 【B】月給22万円〜47万円 【C】月給21万円〜46万…
155,ヒカリ電気土木株式会社 | 設立以来、増収増益で絶好調！成長性＆安定性を備えた優良企業,【技術スタッフ】★年休110日 ★賞与年3回/資格取得支援あり 正社員,正社員,月給20万円〜40万円 ＋残業代 ＋各種手当＋賞与年3回 ★モデル年収／年収450万円／33歳／入社2年 ※今回…
156,光電気工事株式会社 | 『 年休120日～×雰囲気◎×新社屋勤務 』★転職者15名活躍中！,転職者に選ばれ、定着率も良い！【総合職】*名古屋市で転勤なし* 正社員,正社員,月給20万円〜50万円（一律手当含む） ※上記月給は、経験、能力、年齢に応じて決定します。 ※経験者は前…
157,小金井不動産株式会社 | LIXIL不動産ショップNo.1！全加盟店480社中優秀成績者41名輩出,<経験者優遇/未経験入社94％>反響型【売買営業】※平均年収650万 正社員,正社員,【月給】25万円〜35万円＋インセンティブ＋諸手当 ※平均インセンティブ額13.7万円 ※試用期間3ヶ月 上記…
158,大和総合住設株式会社 | ★賞与年4回支給★平均年齢27歳！女性社員も活躍しています！,完全週休2日制&朝はゆっくり13時出社♪【提案営業】※福岡勤務 正社員,正社員,月給23万円 〜 40万円 ＋ インセンティブ ★未経験入社で、 　月収47万円を稼いでいる社員もいます！ …
159,メットライフ生命保険株式会社 | 【大阪梅田エイジェンシーオフィス】賞与年4回／土日祝休み！,未経験歓迎！お客さまの未来に寄り添う【コンサルティング営業】 正社員,正社員,◆初任給月給：25万円または30万円 （基本給10万円+初期補給15万円または20万円）+業績給 ※初期補給の…
160,日本交通株式会社 | 運転は4～5時間程度／社員の平均年収「500万円」,【ハイヤードライバー】未経験歓迎／土日休み可／ノルマなし 正社員,正社員,試用期間中：月給25万円（3ヶ月） ※上記は法定研修後3ヶ月間の最低保証額です★保障給制 ※交通費別途…
161,株式会社ユタカホーム | ★残業1日1H以下★転勤ナシ★定着率97％★未経験の先輩多数,【施工管理】★未経験でも月給35万円以上＋インセンティブ！ 正社員,正社員,◆月給：35万円以上+インセンティブ ◎経験・スキルに応じて優遇します。 ◎案件数に応じてインセンティ…
162,ヴェル・ハウジング株式会社 | 安心の固定給制度あり⇒未経験でも月給28万～35万円スタート！,未経験OK！年収1000万超も目指せる【住宅営業】★100％反響営業 正社員,正社員,経験者：月給30万円以上＋インセンティブ 未経験者：月給28万円〜35万円＋インセンティブ ※年齢、経験…
163,株式会社綜合キャリアオプション | グループ全体売上1000億円以上◆社員2000名超◆管理職も目指せる,30期連続黒字の安定企業での【法人営業】★期待の新規事業へ挑戦 正社員,正社員,年俸500万円〜650万円スタート ※経験・スキル・前職の給与等を考慮の上、決定します。 ※試用期間3ヵ月…
164,株式会社大成社 | ★話だけ聞きたいでもOK！お気軽にご応募下さい！★副業もOK,案件単価の75%を給与に還元【ITエンジニア（開発・インフラ）】 正社員,正社員,月給35万円〜90万円＋諸手当（残業手当100%支給、交通費全額） ※経験、スキル、案件単価等を考慮した上…
165,株式会社あいらいふ | ★《20～30代の社員が多数活躍中！》業界未経験・第二新卒歓迎◎,入居者と施設を繋ぐ【コーディネーター】月給30万円以上★ 正社員,正社員,月給30万円〜 ＋ インセンティブ ※経験・能力・スキル等を考慮の上、当社規定により決定します。 ※上記…
166,株式会社セントラルアセット | 一人一人のお客様を大切にサポートするのが当社の魅力です,【賃貸管理アドバイザー】土日祝休み／高額歩合／性別・学歴不問 正社員,正社員,月給25万円(宅建保持者+3万円)+賞与+インセンティブ ★選べる給与制度★ 月給27万円(宅建保持者+3万円)+…
167,株式会社ホームワン | 『年収アップ』や『働き方改善』が転職理由なら当社で決まり！,★アポ不要の100%反響営業【不動産仲介スタッフ】*週休2日制 正社員,正社員,◆月給20万円以上 + 歩合給 ★年収例600万円 ／ 経験2年 ※試用期間4か月あり（同条件） ※契約手数料の2…
168,株式会社テックコーポレーション | ＜ 経済産業省・自治体・事業団体の補助金対象 ＞,【法人営業(自社製品の提案) 】※30～40代の中途入社多数 正社員,正社員,◆東京／月給30万円以上（試用期間は月給27万円以上） ＋ 賞与 ＋ インセンティブ給 ◆大阪、名古屋／月…
169,株式会社センス | ★未経験からでも年収1000万円超の先輩が活躍中★100％面接保証,【営業系総合職】週休3日／月末5連休などユニークな働き方も◎ 正社員,正社員,月給:24万円〜70万円＋インセンティブ＋各種手当 ※経験・スキルを考慮して決定いたします。 ※試用期間…
170,小金井不動産株式会社 | LIXIL不動産ショップNo.1！全加盟店480社中優秀成績者41名輩出,成果に繋がる理由だらけ★【売買営業(反響型)】※栃木限定募集 正社員,正社員,【月給】25万円〜35万円＋インセンティブ＋諸手当 ※平均インセンティブ額13.7万円 ※試用期間3ヶ月 上記…
171,イッセイコンサルタント株式会社 | 【 10年連続売上UP 】平均年収600～700万｜転勤なし｜定時退社可,☆未経験歓迎☆【業務管理スタッフ】内勤メイン／年休122日★ 正社員,正社員,月給25万〜60万円 【月給例】 月給25万円／入社1年（27歳） 月給35万円／経験5年（30歳） 月給50万円／…
172,クラウンコンサルティング株式会社 | ビジネスマッチングサイト『ビジェント』を運営する急成長企業！,【メディアプランナー(広告営業)】テレワーク推奨／フレックス 正社員,正社員,月給25万円以上＋賞与年2回 ※経験、能力を考慮の上、決定いたします。 ※上記には、固定残業代（月15時…
173,株式会社ジーアフター | ◆不況知らず！売上前年比130％以上、注目の企業◆残業ほぼなし,大型店オープン！完全反響【営業】未経験OK◆平均月収48.8万円 正社員,正社員,月給30万円〜(経験・年齢考慮)＋インセンティブ ※上記の月給には時間外労働の有無にかかわらず、45時…
174,居藏管工株式会社 | いぐらかんこう｜#入社祝い金支給#経験者は月収40万円が目指せる,働き方が選べる！【メンテナンス】※未経験歓迎&経験者は優遇 正社員,正社員,"（1）月給33万円以上 （2）月給29万7,000円以上 （3）月給27万5,000円以上 （4）月給29万円以上 （5）月…"
175,株式会社ドリームホーム | 京都屈指の業績・2019年度グループ売上高170億円！,完全反響対応の【不動産営業職】★ノルマ一切なし 正社員,正社員,"月給／22万5,000円以上 ※試用期間2ヵ月。(その間の給与変動なし) ※経験・年齢を考慮の上、当社規定によ…"
176,株式会社エストゥルース | 【当社の実話】土日祝休み/残業ゼロ/未経験入社でも年収1200万円,【不動産営業】＼育成枠採用／⇒チームであなたを育てます 正社員,正社員,【大卒以上】月給25万円以上＋諸手当＋インセンティブ（40万円〜100万円） 【上記以外】月給23万円以上＋…
177,株式会社ゼディアルーク | グループ会社を複数擁し、IT事業を展開する成長企業,経験を活かして、セカンドステップを見出せる【ITエンジニア】 正社員,正社員,月給18万円〜80万円 ＋ インセンティブ（プロジェクト単位での業績に応じる） ※あなたの経験・年齢を考…
178,株式会社エコ・エー | 【環境職人】★寮完備（月3万円）★残業月10ｈ・直行直帰OK,【施工スタッフ】★未経験歓迎★月30万円スタート可★若手活躍中 正社員,正社員,日給1万3000円〜1万7000円 【収入例】月収29万9000円（未経験１ヶ月目） 未経験でも日給1万3000円×23日…
179,株式会社リンクスタッフグループ | ◆未経験スタートでも月給25万円以上を保証！◆早期昇格も,"""本気""で転職を考えるなら、成果に見合った待遇を【人材系営業】 正社員",正社員,■月給25万円〜40万円 + インセンティブ ＋ 賞与年2回 ※スキル・経験を考慮して決定いたします ※試用期…
180,大和総合住設株式会社 | ★賞与年4回支給★平均年齢27歳！女性社員も活躍しています！,＼沖縄勤務／完全週休2日制&朝はゆっくり13時出社♪【提案営業】 正社員,正社員,月給23万円 〜 40万円 ＋ インセンティブ ★未経験入社で、 　月収47万円を稼いでいる社員もいます！ …
181,日本セキュリティ株式会社 | 早期キャリアアップ可能！★お客様は安定の警備業界,人と企業をつなぐ【提案営業】★年休120日以上★長期連休も可 正社員,正社員,■月給25万円〜40万円 + インセンティブ ＋ 賞与年2回 ※スキル・経験を考慮して決定いたします ※試用期…
182,クレストジャパン株式会社 | ★経験者採用★年収1000万以上目指す人、必見の求人です！,"""稼ぎたい""その想いに高歩合率で応えます【不動産仲介・仕入れ】 正社員",正社員,月給25万円〜30万円＋仲介手数料20％の高率歩合 ※試用期間3ヶ月あり（期間中の待遇に変更ナシ） ＜歩合…
183,株式会社ビルドイット | 設計からの請負い案件100％で高収入可 ★残業全社月平均10h以下,★前給保証★前職年収2割増しを保証【ITエンジニア】年休128日 正社員,正社員,月給30万円〜50万円 ＋ 賞与年2回 ＼前職給与の120％をお約束します！／ ★経験やスキルに応じて、50万円…
184,木下工業株式会社 | 名古屋エリアの公共事業のみ！／資格取得もサポートします！,【作業スタッフ】★月収25万円～40万円が可能★未経験歓迎 正社員,正社員,日給1万2500円〜2万円 ※月収25万円〜40万円が可能 ※経験・年齢を考慮の上、当社規定により優遇します …
185,アートバンライン株式会社 | 大手企業と多数取引で業績好調★月8～9日休み★土日休みも可,【中型(4t)トラックドライバー】面接1回★転勤なし！安定性◎ 正社員,正社員,月給15万7600円以上＋割増賃金＋残業手当+諸手当 ≪平均月収/42万円≫ ★月収例の内訳 基本給+残業代/割…
186,アートバンライン株式会社 | 大手企業と多数取引で業績好調★売上295億円を誇る安定企業,【大型(10t)ドライバー】★面接1回★無理のない配車調整で負担少 正社員,正社員,月給15万7600円以上＋割増賃金+残業手当＋諸手当 《月収例46万円》 ★月収例の内訳 基本給+残業代/割増賃…
187,アートバンライン株式会社 | 大手企業と多数取引で業績好調★月8～9日休み土日休みも可,【小型(2t)トラックドライバー】★面接1回★高定着率★[未]歓迎 正社員,正社員,月給15万7600円以上＋割増賃金＋残業手当+諸手当 《月収例37万円(入社2年目／残業20hの場合)》 ★月収例…
188,さか電工株式会社 | ★配偶者のバースデー休暇など、社員の家族も大切にする会社★,【電気工事】★月給40万円も目指せる ★経験者は前職給与を保証 正社員,正社員,"経験者…月給30万円〜（前職給与保証） 未経験…月給22万5,000円〜41万円 ※年齢、経験、能力を考慮の上…"
189,株式会社ミックウェア | ★ホンダやトヨタのパートナーとして最先端技術を駆使！,働き方が選べる【ITエンジニア】大量採用!中途入社が多数活躍中! 正社員,正社員,マネーワーク職／実力に応じた収入が可能！ 月給27万円〜47万円+賞与年4回 ※固定残業代月42時間相当（6…
190,有限会社エフォール | ≪全員面接＊働き方選べます≫初期費用0円★年齢不問,『配った荷物＝あなたの給料』【軽車両ドライバー】AT限定免許OK 業務委託,業務委託,完全出来高制 ※1件あたり150円〜180円 〓〓＜月収70万円近くも可能！＞〓〓 ※荷物単価180円の場合（…
191,株式会社昇建 | #大阪府緊急雇用対策に賛同#大阪本社#転勤なし,条件に合う方とは積極的に面接します【施工管理アシスタント】 正社員,正社員,■（１）月給25万〜40万円+諸手当＋賞与年2回 ■（２）月給30万〜50万円+諸手当＋賞与年2回 ※（１）管…
192,Rセキュリティ株式会社 | 20年連続増収増益◆2020年2~5月は売上前年比125％◆完全週休二日,"""水""というライフラインを支える【水道技師】★平均月収45万円超 正社員",正社員,月給25万円以上＋インセンティブ(歩合)＋シフト手当＋営業手当 ★年収1000万円可能 ★平均月収45万9809円…
193,メットライフ生命保険株式会社 | 【大阪府緊急雇用対策に賛同】◆賞与年4回／完全週休2日制(土日),未経験歓迎！【コンサルティング営業】環境&収入ともに抜群◎ 正社員,正社員,【初任給月給】25万円または30万円 ※初期補給の金額は前年度年収により決定。 個人成績に応じて3ヶ月ご…
194,コムズ株式会社 | 未経験でも月給25万円スタート★土日祝休/年休120日以上★,【広告運用サポート】経験者優遇★成長×高収入を叶える会社★ 正社員,正社員,★月給25万円〜45万円＋インセンティブ+各種手当 ※経験や能力に応じて決定いたします。 ※試用期間あり…
195,株式会社ゲッコー | 直行直帰可能！転勤ナシで地元で働ける＊業界経験者歓迎,20代の平均月収＝約43万円★実働6h＆残業ナシ【技術系総合職】 正社員,正社員,月給28万〜54万円 +各種手当 ※スキルや能力、希望などを考慮して、給与額を決定します。 ※試用期間1…
196,株式会社フィード | アパレルや美容業界、飲食店など異業種からの転職成功者多数！,【ライフプランアドバイザー】平均年齢24歳！マンション社宅付！ 正社員,正社員,"月給25万円以上＋高額インセンティブ＋諸手当＋賞与 ※営業手当として40時間（55,000円）分の残業代を含…"
197,株式会社つばさメディカルグループ | ■札幌でトップクラスの実績 ■社会貢献性の高い事業で急成長中,高齢者と介護施設のミスマッチをなくす！【コーディネート営業】 正社員,正社員,営業経験者：月給25万円以上 未経験者：月給23万円以上 ※別途インセンティブの支給があります。 ※経験…
198,株式会社ケニーモバイル | ★関内・横須賀で地域密着★正社員デビュー歓迎★充実の研修あり,未経験OK！【受付・販売スタッフ】★年間休日120日 ★面接1回 正社員,正社員,月給22〜39万円＋役職手当＋交通費支給 ※一律手当含む。 ※経験・能力を考慮の上、加給・優遇します。 …
199,株式会社ひまわりほーむ | ＼CMでお馴染み／　残業月平均15時間&手当など福利厚生も充実◎,【総合職（経理・営業）】★仕事とプライベートを両立できる！ 正社員,正社員,■月給／16万円〜27万円+諸手当＋インセンティブ ※試用期間(最長3ヶ月)も待遇は変わりません ♪利益は…
200,株式会社ファースト | 【不況知らずのカスタムカー専門店】＊平均年収600万円以上！,＊未経験大歓迎！残業ほぼなし・転勤なし【カーアドバイザー】 正社員,正社員,月給25万円〜＋インセンティブ(販売台数UP→金額もUP) 【平均年収600万円以上】 ＜月収例＞ 入社1ヶ月……
201,株式会社京進 | 東証二部上場,【学習塾経営】転職して社員に？いや、次のキャリアは独立だ！ FCオーナー,FCオーナー,【年間モデル収益】 年間平均生徒数が60名の場合 ◎年間売上／2733万円 ・授業料、入学料　他 ◎年間諸費…
202,株式会社CREAX | 「買取専門店 kaitori-off」設立から6期連続増収中の成長企業！,【査定スタッフ/バイヤー】未経験から1年目で30万円以上も可能 正社員,正社員,◇月給：24万円〜50万円 ＋各種手当+インセンティブ ※月給は最低保証給です。各種手当が支給されます。…
203,第一土地建物株式会社 | 【コロナ禍でも売上高UPの成長企業】★未経験人材を積極採用中★,【営業】★ノルマなし★異業種からのジョブチェンジ大歓迎！ 正社員,正社員,月給25万円以上＋インセンティブ ※あなたの経験やスキルを考慮し優遇いたします！ ※上記には、固定残業…
204,アイアール株式会社 | #選べる勤務地&休日等#土日祝休み#育児休暇取得多数#WEB面接可能,コロナ禍でも業績好調!年収120万UPも可【施工管理アシスタント】 正社員,正社員,月給28万円〜80万円+諸手当+賞与年2回 ★前職年収+120万円UPも可能！ 　経験によっては初任給月給80万円…
205,株式会社CRUD nop | ECサイト/動画配信/ゲーム等のWebシステムを手掛ける成長企業,"次は""したいこと""重視でいこう【ITエンジニア】★前給保障！ 正社員",正社員,月給25万円〜＋賞与年2回 ※経験・スキル・年齢を考慮の上、決定します。 ※上記金額には固定残業代20時…
206,株式会社スタッフファースト | <東証一部上場企業(DmMiX社)のグループ企業>★前年比250％の成長,【人材コーディネーター】★未経験者歓迎★フレックスタイムOK 正社員,正社員,＜新宿勤務＞ ■月給22万円〜（一律手当含む）＋インセンティブ＋賞与 ※試用期間2ヵ月あり（期間中も待…
207,佐藤建業株式会社 | 今年で創立61周年！杉並区・都内の地域に密着した工事事業を展開,【施工管理】官公庁・自治体からの依頼多数◎安定環境で成長！ 正社員,正社員,"【未経験】月給28万円〜35万円 上記には固定残業代（70,000円〜87,500円/45時間分）を含む。 超過分別途…"
208,株式会社アイダ設計 | テレビCMでお馴染みの企業！成長が止まらないハウスメーカー！,100％反響型の【戸建住宅のアドバイザー】★女性も活躍中♪ 正社員,正社員,【月給】20万円〜30万円 ※当初6ヵ月間は契約社員(給与は同額)その後、正社員として雇用 【入社時月収例…
209,株式会社novis | 【 高収入も目指せる転職先 】年休123日／賞与年2回＋決算賞与,若手育成採用！省エネ商材の専門商社【提案営業】◎土日祝休み！ 正社員,正社員,月給23万円以上＋賞与年2回＋決算賞与 ※上記は最低保証金額です ※経験・能力を考慮の上、決定いたしま…
210,洋伸建設株式会社 | 五洋建設グループ◎施工管理技士2級⇒1級へキャリアUPも叶います,【土木施工管理】◎完全週休2日(土日祝)／年休120日以上 正社員,正社員,◆月給：23万円〜50万円＋諸手当（残業手当・通勤手当・家族手当など） ※経験・年齢・能力を考慮の上、…
211,日本ビズアップ株式会社 | クラウド会計システムで企業経営をサポート/完全週休2日(土日),自社サービスの【営業】月給35万円～＋高額インセンティブ 正社員,正社員,月給35万円〜60万円＋毎月インセンティブ ※経験や能力、前職給与を最大限考慮の上、当社規定により決定…
212,株式会社九州エネコ | 年休120日以上/完休2日制/転勤なし/社員寮あり/平均月収70万円,"『年収1,000万円』は通過点。【エコプランナー】※学歴一切不問 正社員",正社員,"月給27万円+歩合給(1件あたり7〜10万円) 【月収例(前月給料)】 27歳/810,000円（入社3ヶ月） 26歳/530,00…"
213,福岡小松フォークリフト株式会社 | 【創業51年／東証一部上場の西日本鉄道株式会社のグループ会社】,西鉄グループで活躍！物流現場を支える【営業】※土日祝休み 正社員,正社員,月給21万円〜＋インセンティブ+賞与年2回 ※経験・能力・年齢を考慮の上、当社規定により決定いたします…
214,丸伊運輸株式会社 | 杉戸営業所 -老舗企業-資格支援制度・賞与など多数待遇あり◎,【ルート配送】転勤なし◎未経験でも月給28万円スタート★ 正社員,正社員,"月給286,000〜350,000円＋交通費一部支給（規定あり） □残業代別途支給 □休日出勤手当あり □賞与あり…"
215,株式会社ピーアール・デイリー | 仙台営業所 創立59年の安心！実績トップクラスの求人広告代理店,出社・ノルマ無し！ やった分だけ稼げる！【求人広告営業】 業務委託,業務委託,完全歩合制 ※販売する商材により異なりますが、高率マージンによる完全出来高制です。 ☆月収例 （売…
216,有限会社ライラクス | <2019⇒2020年の間で売上480％UP>WEBデザインチームの新規募集,ホビーメーカーの【商品デザイン/WEBデザイナー】完全週休2日制 正社員,正社員,◆月給28万円〜32万円 + 諸手当 ※経験・年齢を考慮の上、当社規定により優遇いたします ※試用期間3ヶ月…
217,株式会社アップタウン | ★30年の歴史 ★転勤なし ★収入UPも可能 ★1から学べる職場,完全反響型の【不動産営業】■飛び込み・テレアポなし！ 正社員,正社員,◆月給27万円以上＋歩合 ※研修3ヵ月有／月給25万円〜 ★経験・年齢を熟慮して決定 ★入社後は本人の希…
218,HULK建設株式会社 | あなたの成果をしっかり評価！業界高水準の給与をご用意します。,経験者たちが太鼓判を押す、働きがいと好待遇。【土木施工管理】 正社員,正社員,月給35万500円〜70万円＋毎月臨時ボーナス（20万円〜40万円頑張り次第で支給） ◆年収例 1級土木施工管…
219,株式会社アサックス | 【東証一部上場】★残業少★土日祝休み★20代で年収700万円も可,あなたが中小企業の救世主に！【提案営業】★未経験歓迎 正社員,正社員,"月給：26万円以上＋賞与年2回＋通勤手当・住宅手当50,000円 ※あなたの経験やスキルを最大限考慮いたし…"
220,キュープラス株式会社 | 残業ほぼなし・定時退社可/完全週休二日制/高い昇給率で収入UP可,月給34万円～！運用保守が中心の【エンジニア】★フルリモート可 正社員,正社員,【月給】34万円〜60万円 ※前職での給与を最大限考慮して決定いたします。 「前職と比較して、年収が下が…
221,株式会社Pledge Clover | #平均月収35万円#平均26歳#前年比300％UP#UIターンOK#名古屋限定,名古屋でReスタート!【営業(企画/Webマーケティング)】転勤なし 正社員,正社員,月給23〜35万円＋インセンティブ ※経験・能力を考慮し、最大で月給50万円も可能! ※試用期間3カ月。期間…
222,光和電設株式会社 | 100%直請け★アパホテルやドン・キホーテ、コメリなどの実績多数,"技術よりも""温かい心""を持った方を採用します！【 電気工事士 】 正社員",正社員,月給27万円以上 ＋ 諸手当 ※年齢、経験、能力を考慮の上、優遇します。 ※待遇条件の詳細については、…
223,株式会社ピーアール・デイリー | 創立59年の安心！媒体掲載実績トップクラスの求人広告代理店,出社無し！ノルマ無し！ やった分だけ稼げる！【求人広告営業】 業務委託,業務委託,完全歩合制 ※販売する商材により異なりますが、高率マージンによる完全出来高制です。 ☆月収例 （売…
224,株式会社ブッシュクロフィード | 年間休日125日◆土日祝休◆経験者優遇◆大きな裁量も魅力,【賃貸管理】未経験から不動産のプロへ／完休2日／土日祝休 正社員,正社員,月給20万円〜賞与+諸手当 ※試用期間3か月（期間中の待遇の差異はございません） ※給与は経験やスキル・…
225,有限会社アイユーホーム | 設立以来、決算賞与支給中！残業月20時間程度！,【賃貸カウンター業務】★完全週休2日制　★高い有給取得率◎ 正社員,正社員,月給／21万2500円〜 (固定残業代20h/2万7500円＋一律営業手当2万円＋一律通信費5000円分含) ※上記はあ…
226,ＬＵＣＩＯＮ＆Ｃｏｍｐａｎｙ株式会社 | 国の進めるエネルギー事業に貢献/残業少なめ/月収150万円も可能,★月給35万円以上＆年間休日120日★【提案営業】未経験歓迎！ 正社員,正社員,◆月給35万円〜 + インセンティブ + 役職手当等 ※経験・年齢を考慮の上、 　当社規定により優遇いたし…
227,株式会社アドヴァンス | 【 2021年6月26日(土) マイナビ転職フェア熊本に出展します 】,★未経験OK 【ペインター】賞与年2回 ＋ 期末手当 ／ 退職金あり 正社員,正社員,"月給182,700円〜 ＋ 諸手当 ★ 残業手当は100％支給 ★ ≪ モデル例 ≫ ・月収30万円／ペインター／入社…"
228,株式会社ヨドバシカメラ | 業界異例の正社員比率96.4% ★福利厚生も大手ならでは！,ヨドバシを縁の下で支える【物流総合職】★第二新卒・未経験歓迎 正社員,正社員,月給20万5000円以上＋職務手当＋超過勤務手当 ＜月収モデル＞ 大学院大学卒（月給20万5000円+諸手当／20…
229,株式会社CREA HOME | 設立より3期連続で増収増益｜ゆくゆくは年収600万円以上も可能,デザイン性の高いリノベーションを行う【プランナー】※未経験OK 正社員,正社員,"■月給25万円〜66万4,000円 ※経験、年齢、能力を考慮の上決定します ※上記月給には固定残業代45時間分…"
230,東京経済株式会社 | 経験は不問。研修でじっくり基礎から学べる,情報力で経営者を支える【調査営業職】 正社員,正社員,月給24万円〜 + インセンティブ + 諸手当 ★待遇条件の詳細については、面接でご相談ください！ ※上記…
231,株式会社メイズ | ☆年休120日以上☆完全週休2日制☆1週間以上の長期休暇×年2回,★未経験OK！【営業総合職（法人営業／メンテナンス営業）】 正社員,正社員,月給20万円〜＋インセンティブ＋各種手当＋賞与年2回＋業績賞与1回 ※経験・能力を考慮の上、当社規定に…
232,株式会社ナチュレカード | 〈 建物検査事業 〉◎未経験歓迎 ◎男女・年齢・ブランク不問,時代に合った働き方を★【建物検査員】副業やWワークとしてもOK! 業務委託,業務委託,完全出来高制（検査種別による） 報酬：2700円〜10700円／1件 ＜月収例＞ 月収50万円／検査数90件、日数…
233,Garrett Japan合同会社 | 【大人気ポップコーンのお店】★有給消化100％★正社員登用あり,【店長候補】★完全週休2日制★年間休日123日★基本残業なし 契約社員,契約社員,【月給23万円〜35万円】＋残業代別途支給＋インセンティブ＋各種手当 ★前職給与・経験・スキルを最大限…
234,株式会社総合資格 | ◆業界トップクラスの実績／平均年収825万円／年間休日112日以上,賞与平均5.34ヶ月【提案営業】★群馬/新潟/長野エリア積極採用中 正社員,正社員,"【月給】30万円〜35万5,300円 + 業績給 + 諸手当 ※年齢、経験、能力を考慮の上、優遇します。 ※上記に…"
235,クリーンデバイス・テクノロジー株式会社,カーエアコンクリーニング「空気の洗車屋さん」【FCオーナー】 FCオーナー,FCオーナー,完全出来高制 1台約1〜2時間で2万1000円の利益が得られるビジネスです サービス販売価格：1台平均3万50…
236,株式会社HI-LINE | 【条件に合う方全員面接】家族手当充実！賞与昨年度実績3ヶ月分,配送業務未経験でも全然OK！【ルート配送 2t】※AT限定免許でOK 正社員,正社員,【チルド横浜緑センター／米飯横浜共配センター】 日勤／月給28万円〜 夜勤／月給31万円〜 【名古屋・一…
237,株式会社日栄テック | 残業は月平均20時間以内でリフレッシュ休暇(5連休)も取得可能！,【施工管理スタッフ】※未経験でも月給27万円以上でスタート！ 正社員,正社員,【未経験者】 月給27万円〜＋賞与(会社業績連動)＋諸手当 【経験者】 月給37万円〜＋賞与(会社業績連動)…
238,株式会社ブッシュクロフィード | 経験豊富なあなたを”部長補佐”としてお迎えします★,【経理総務】経験者歓迎／月給45万円～も可／年休125日／土日休 正社員,正社員,月給45万円〜＋諸手当 ※試用期間3か月（期間中の待遇の差異はございません） ※給与は経験やスキル・前…
239,エントロス株式会社 | ★頑張りは給与でしっかり還元★【大阪府緊急雇用対策に賛同】,【空間のコーディネート】有名展示イベントのディスプレイを担当 正社員,正社員,月給20万円〜24万円＋諸手当 ★頑張りに応じてしっかり昇給！ 【モデル年収例】 年収500万円／25歳・経…
240,株式会社京進 | 東証二部上場,"【学習塾教室長】独立を目指し、教室長として""経営""を学べる！ 契約社員",契約社員,月給20万円以上 ※経験や能力を考慮の上、決定します。 ・・・独立後・・・ 【年間モデル収益】 年間…
241,株式会社前平電機 | 年収700万円の実績あり／賞与年間3回支給実績あり（前年度）,【電気工事スタッフ】※完全週休2日も選択OK／未経験歓迎 正社員,正社員,"経験者…月給30万6,000円〜41万3,000円（実務経験5年程度の方） 未経験…月給20万6,000円以上 ▼完全週…"
242,株式会社マリオットバケーションクラブインターナショナル | ＜タイムシェアのリーディングカンパニー＞正社員登用の実績あり,世界中の高級リゾートを提供する【営業職】＊100％反響＊完休2日 契約社員,契約社員,月給20万円以上 + コミッション(上限設定なし） ※経験・年齢を考慮の上、当社規定により優遇します。 ※…
243,株式会社UPSTART | 設立3年で5名から120名に！営業アウトソーシング急成長企業！,【営業】平均年齢25歳☆未経験歓迎！無料の寮完備！月給30万円～ 正社員,正社員,月給30万円 ※固定残業代（2万7000円／11.5時間分）含む。 　超過分は別途支給。 ※固定残業代は残業がな…
244,株式会社LTCパートナーズ | 事業部長候補／年間休日125日以上／残業ほぼなし／学歴不問,【賃貸管理】経験者優遇★月給30万円～＋賞与★完全週休2日制 正社員,正社員,★月給30万円〜＋賞与＋各種手当 ※経験・年齢・能力などを考慮して、給与額を決定します。 ※試用期間3…
245,株式会社ワンダー | 約20兆円のマーケットで高い成約率 ！※大阪緊急雇用対策に賛同,【反響営業】残業＆ノルマなしの環境でも”高収入”が実現！ 正社員,正社員,月給22万円〜60万円 ＋ インセンティブ + 諸手当 【週休2日制：月給25万円〜】 【完全週休2日制：月給22…
246,フジミハウジング株式会社 | TV番組などメディア出演多数！★連休取得OK/退職金制度有,売買・仲介の【不動産営業】高待遇★年収1000万円以上も可能 正社員,正社員,月給30万円〜50万円＋インセンティブ（歩合率20％）＋売上達成報奨金（年1回） ※固定残業代（7万239円…
247,株式会社マイホーム | 「センチュリー２１」でお馴染み！ 収入もスキルアップも充実！,【提案営業】◎未経験歓迎 ◎完全反響営業 ★インセンティブ充実 正社員,正社員,"月給30万円 + 各種手当 ＋ 歩合給 ※上記金額は、【30時間分】の固定残業代【45,000円】が含まれます。超…"
248,株式会社マリオットバケーションクラブインターナショナル,【事務オペレーションスタッフ】★旅行好き歓迎♪ 契約社員,契約社員,月給25万以上＋インセンティブ ※経験・年齢を考慮の上、当社規定により優遇します。 ※試用期間3ヶ月あ…
249,株式会社松陰会舘 | ＊20～30代が活躍中＊年休124日＊残業月平均10時間＊月給27万～,＼新事業の立ち上げメンバー／【営業】★ノルマなし★安定性抜群 正社員,正社員,月給27万〜40万円 ※経験・スキル・年齢を考慮の上、決定します。 ※試用期間3ヶ月（待遇に変更はありま…
250,リアルティ株式会社 | ★毎月インセン&賞与年2回★20代で営業所長の実績あり,【不動産営業】スピード出世&収入UPできる働き方☆未経験歓迎 正社員,正社員,月給 25万円〜50万円 ＋（毎月インセンティブ）＋（賞与年2回） ※上記は最低保証額となります。 これま…
251,株式会社窪治組 | ほぼ残業なし★社員寮完備★週休2日★実働7.5時間★各種手当充実,未経験歓迎！【土木作業員(現場監督候補)】★面接保証(面接1回) 正社員,正社員,■月給22万円〜28万円 ※お持ちのスキル・経験など最大限考慮して決定します。 ※試用期間1ヵ月あり（待…
252,株式会社インターレイズ | ◆大阪府緊急雇用対策に賛同／未経験OK／学歴不問／全員面接可,全身脱毛無料の美容特典あり！就職したい脱毛サロンNo.1【受付】 正社員,正社員,◆月給21万円〜40万円＋達成手当＋ボーナス年2回 ◎店舗売上達成手当(3万円〜／月) ◎目標達成手当(3万円…
253,大長産業株式会社 | 創業32年の安定企業／未経験歓迎／月給30万円～／40代以上活躍中,【提案営業】今までのキャリアを活かして当社で人生最後の転職を 正社員,正社員,"月給30万円〜＋歩合給 ※月給30万円の場合、固定残業手当60時間分91,837円を含む。 ※上記時間を超えた…"
254,スカイジャパン株式会社 | 入社1年目で月給９万円UPした社員も！在宅勤務もOK！,未経験でも高収入/月給30万円以上!【提案営業】ノルマ&残業なし 正社員,正社員,月給30万円〜 + 賞与(年2回) ★待遇条件の詳細については、面接でご相談ください！ ※上記は最低保証金…
255,アパルトマンイクシーズ株式会社 | ★インセン年12回＋賞与年2回★年収1000万円可能★20代活躍中★,未経験から「稼げる営業」に転身【土地活用の提案型営業】 正社員,正社員,月給22万円以上 ＋ 毎月インセンティブ ＋ 賞与（年2回） ※経験・年齢・能力を考慮のうえ、決定致します…
256,株式会社テクトン | WEB面接可／20代・30代活躍中／年間休日125日／土日祝休み,【人材営業＆コーディネーター】専門スキルを磨ける営業職！ 正社員,正社員,◆年俸制：300万円〜900万円 ※前職給与・経験・年齢・能力などを考慮して、給与額を決定します。 ※年俸…
257,積水ハウス不動産中国四国株式会社 | 【中四国トップクラスの売上高・積水ハウスグループ】賞与年3回,【営業職】★年休129日★積水ハウスグループの安定性！ 正社員,正社員,"月給21万3,500円以上＋業績手当+残業手当＋賞与2回＋決算賞与 ※経験・能力等を考慮の上、決定します。 …"
258,株式会社日本総合ビジネス | ─◆総合広告代理店として成長中／土日祝休／残業10h以下◆─,自社媒体メインなので提案しやすい【求人広告の営業】未経験歓迎 正社員,正社員,月給21万円〜25万円＋インセンティブ＋賞与＋各種手当 ◎残業代は別途全額支給。 ◎経験や能力などを考慮…
259,株式会社浜石工務店 | TV・ラジオCMでもお馴染み！創業46年・地域密着型の堅実派企業,【営業（建築請負・仕入れなど）】 ★完全週休2日・残業ほぼなし 契約社員,契約社員,月給25万円＋各種手当＋歩合給＋賞与（年2回） 【モデル年収】 年収500万円／29歳／一般職 年収700万円…
260,株式会社アイシーイノベーション | ★土日祝休み ★特別手当年3回 ★残業平均月10h,【インフラ構築エンジニア】★フレックス制度・テレワークあり 正社員,正社員,"月給250,000円〜390,000円 ※スキル・経験を考慮し当社規定により決定します ※上記給与には20時間分の固…"
261,アパルトマンイクシーズ株式会社 | 伸びしろある事業とともに自身の成長も実現　★土日祝休み,【営業事務】★未経験者歓迎★完全週休2日制★女性活躍中！ 正社員,正社員,"月給17万5,000円〜20万円 ※経験・年齢・能力を考慮のうえ、決定致します。 ※試用期間6ヶ月(期間中の待…"
262,株式会社フットワーク | 創業30年以上！東京、町田市の安定企業◆転勤なし◆週休2日制,高水準インセンティブ有！【賃貸営業】残業ゼロ／完全反響営業！ 正社員,正社員,◆月給24万円〜48万円+インセンティブ+賞与（年2回） 年収例　880万円以上の実績有り！ ※給与額は経験や…
263,株式会社ユースリー | 転勤なし・土日祝休・有給消化100％・時流に沿った働き方を展開,【IT営業】未経験歓迎/土日祝休/年休124日以上/月残業20h以内 正社員,正社員,月給25万円以上+高額インセンティブ賞与 ※経験を考慮の上、当社規定により優遇します。
264,株式会社トラスト不動産 | 【ハウスドゥ北大路大宮店】6月OPEN！同期と共に成長できる,★オープニング募集★【不動産営業】※研修充実！未経験者も歓迎 正社員,正社員,月給20万円〜37万円＋インセンティブ（仲介手数料の10%を支給） ※年齢・経験を考慮の上、当社規定によ…
265,株式会社ファーラウト | インセンティブだけで年間1000万円も可能！,理不尽さとは無縁な【コンサルティング営業】年収2000万可 正社員,正社員,月給20〜60万円＋インセンティブ＋各種手当 ※経験、スキルを考慮の上、当社規定により優遇 します。 給…
266,株式会社OMY | インフルエンサービジネスを活用した広告代理店★正社員登用あり,Instagramを中心にしたSNS広告の【総合職(営業・プランナー)】 契約社員,契約社員,月給25万円以上 ※経験・スキルに応じて決定致します。 ※試用期間6ヶ月あり。その間も待遇は同一です。…
267,株式会社タイセイリサイクル | リサイクル事業を展開＊環境省「エコアクション21」の認証取得,高収入×力仕事なし☆未経験でも始めやすい【工場作業スタッフ】 正社員,正社員,【月給】28万円〜35万円+皆勤手当(2万円)+残業代全額支給+その他諸手当 ※年齢や経験、スキルを考慮し、…
268,株式会社朝日写真ニュース社 | ◆報奨金制度あり◆20代が活躍中！◆テレワークもOK！◆転勤なし,朝日写真ニュース（掲示板）の【内勤営業】◆年間休日129日 正社員,正社員,◆月給20万5000円〜+営業報奨金+賞与 ※上記は最低保証給与です。 ※6ヵ月の試用期間があります。 （期間…
269,株式会社フォーカスタマーズ | ◆2つのインセンティブで収入UP！◆昇給年4回＆賞与年2回,応募者全員面接！【インサイドセールス（SV候補）】★未経験歓迎 正社員,正社員,月給：24万円以上＋賞与年2回＋インセンティブ ※経験・スキルを考慮の上、決定します。 ※上記金額には…
270,株式会社キャリアサービス | 【年休120日以上】【産休育休実績あり】★20代・30代活躍中！,未経験月給35万保証!実現可能な理由は?【人材コーディネーター】 正社員,正社員,月給35万円以上 ＋ 賞与年2回 ＋ 各種手当 ※経験・スキルを考慮し、優遇いたします。
271,株式会社カクダイホーム | 平均月収37万円◆年3回/3～4連休の取得OK◆年間休日105日～120日,【100％反響住宅営業】１契約5～35万のインセ／月平均１～３契約 正社員,正社員,【経験者】 月給:28万円〜35万円以上＋歩合給（1契約 5万円〜35万円） 【未経験】 月給:23万円以上＋歩…
272,株式会社エス・エル・エス福岡 | 総合レジャーサービスグループ(九州全県、広島県で32店舗展開!!),未経験OK！エリアマネージャー候補【フロアレディや店舗の管理】 正社員,正社員,月給30万円〜50万円 ※経験・能力を考慮し決定します。 ※業界問わず前職の給与も考慮します。 ＜日本の…
273,不二装備工業株式会社 | 【設立68年】体育館、ホール、スポーツ施設など官公庁案件が中心,舞台設備等の【施工・メンテナンススタッフ】未経験も月25万円～ 正社員,正社員,"月給250,000円〜400,000円 ※経験やスキル等を考慮し、当社規定により決定致します ※試用期間1〜3ヶ月…"
274,朝日土地建物株式会社,【不動産コンサル営業】平均年収738万円☆未経験20~30代活躍中！ 正社員,正社員,◆月給:22万円〜25万円 ＋インセンティブ＋各種手当 　※超過残業代は別途支給。　 　※固定残業代（月35…
275,株式会社レジット | 月給37万円も可能！/ 資格支援制度 / 服装・ヘアスタイル自由,【Webデザイナー/コーダー】★年収800万円も実現★フレックス制 正社員,正社員,月給23万円〜37万円以上 ＋ 賞与 ※経験・年齢などを考慮の上、当社規定により優遇。 ※上記には固定残業…
276,四国化工建設株式会社 | 「ショーボンドホールディングス（東証一部上場）」グループ,☆未経験&経験者募集☆【土木建築施工管理】賞与６～10ヵ月実績 正社員,正社員,"未経験者 月給220,000円以上＋諸手当 経験者　 月給310,000円以上＋諸手当 ※年齢、経験、能力を考慮の…"
277,株式会社メディエイド | 『ヘルスケア×DX』で日本のヘルスケアを変えるベンチャー企業！,幅広い経験を積んでキャリアUP！自社サービスの【ITエンジニア】 正社員,正社員,年俸制500万円〜900万円 ※年俸の1/12（月額41.6万円〜75万円）を毎月支給します。 ※試用期間3か月あり…
278,株式会社丸八ダイレクト | ◆名証二部上場「丸八グループ」◆WEB面接可◆報奨金・賞与年2回,【営業】★未経験も月収32万円可 ★フォローアップ手当5万円支給 正社員,正社員,月給25万円〜27万円＋フォローアップ手当5万円(入社後4ヶ月間)＋報奨金 ※勤務地により異なります。 ※試…
279,レイス株式会社 | 国内TOPクラスの総合コンサルティング会社,★岡山エリア限定募集★【営業】※急募※年間休日122日 正社員,正社員,"月給30万円〜75万円 ※経験・能力を考慮の上決定します。 ※一律指定職種手当 (30,000円)を含む。 ※月6…"
280,レイス株式会社 | 国内TOPクラスの総合コンサルティング会社,【営業】企業経営者が抱える様々な課題に対して解決手段を企画！ 正社員,正社員,"月給30万円〜75万円 ※経験・能力を考慮の上決定します。 ※一律指定職種手当 (30,000円)を含む。 ※月6…"
281,株式会社サンドリア | 【パナソニックLSスマートエナジー（株）一次販売代理店】,大手メーカー商品の【提案営業】★ほぼ残業なし★完全週休2日 正社員,正社員,月給 25万円以上 ＋(インセンティブ） ※試用期間1ヶ月あり（給与に変更はありません） ※みなし残業手当…
282,日本テンポラリーハウス株式会社 | 社員の全員が未経験スタートなので安心！土日面接OK！,未経験OK【住まいのコーディネーター】年休125日★20代活躍中！ 正社員,正社員,月給21万円〜28万円＋インセンティブ （月5万円〜30万円） ※経験・能力を考慮し、決定いたします。 ※…
283,株式会社TERASS | 年収2000万も可能/仲介手数料の75％が年収/出社義務無し/副業OK!,フルリモート!面接1回【不動産売買仲介エージェント】※学歴不問 業務委託,業務委託,【A】フルコミッション制 仲介手数料売上に対し「75％」を報酬として還元 【B】固定月額報酬20万円+仲介…
284,株式会社日本アムスコ | 大手の開発プロジェクトに貢献／残業月20h程度／年間休日125日,鉄道車両などの【シュミレーション(CAE解析)エンジニア】 正社員,正社員,"◆大卒：月給20万2,000円〜 ◆院卒：月給20万8,000円〜 ※上記は新卒・未経験の最低保証給となります。 …"
285,株式会社大登 | 月給24万円~に歩合＆各種インセン賞与年2回◆やる気と実積を評価,続々OPEN【営業】★入社1年目で月収50万円以上可能★車通勤OK 正社員,正社員,【月給】24万円以上＋歩合＋各種インセンティブ+賞与年2回+手当・営業交通費(ガソリン代/2万円)など ※…
286,株式会社ヤマキ | #移転したばかりのNEWオフィス#資格手当や毎年昇給あり#定着度高,【総合職(電気工事・施工管理)】月給30～70万円★定時退社も可能 正社員,正社員,月給30万円〜70万円＋賞与 ★各種手当充実→残業手当、深夜勤務手当などはもちろん、資格手当も魅力！ …
287,株式会社ホンダカーズ三重東 | ★毎週火曜＆水曜固定休み★年休113日★平日休みも良いですよ♪,【営業】30代の平均年収766万円★経験ゼロから高収入可能◎ 正社員,正社員,"月給20万7,000円〜30万円 ＋実績奨励給＋手当 ＋賞与年2回 ★多い時で月収50万円以上の先輩も！ ※車両…"
288,株式会社コンセプト | 競馬関連のプロモーションを担う制作会社 ◎WEB面接1回のみ！,DMや新聞広告の【制作スタッフ】★未経験者も月給30万スタート！ 正社員,正社員,月給：30万円以上+お昼代支給あり！＋昇給賞与 ※経験・能力を考慮し当社規定により決定します ※交通費…
289,"第一交通株式会社 | 【上場企業""第一交通産業グループ""】年収450万円以上も可能",ミッション！アプリを駆使し【タクシードライバー】を攻略せよ 正社員,正社員,"■月給20万円 + 歩合給 + 諸手当 + 賞与（年3回） 【試用期間3ヶ月】 乗務前・二種取得期間：日給6,000円…"
290,有限会社セイファ | ＜介護・福祉を通じて社会に貢献する企業＞＊賞与4ヶ月分＊,福祉用具の提案！地域に貢献できる【営業】★年間休日130日 正社員,正社員,月給25万円以上 ※年齢・経験・スキルによって考慮します。 ※固定残業代（5万円以上、34.6時間分）含む…
291,株式会社小宮測量 | ◆1日あたり11000円～⇒日給月給28.6万円～しっかり稼げる♪,ずっと仙台で働きたい、新メンバーを募集【計測アシスタント】 正社員,正社員,日給月給28万6000円以上＋別途諸手当 【月収例】 月収31万2000円（入社2年目/未経験入社） 月収35万円（…
292,株式会社ユーエムロジ | 【AT限定でも応募可】残業ほぼなし｜月給31万円以上の高収入！,安心の食品物流業界！【ルート配送ドライバー(SP職)】未経験歓迎 正社員,正社員,月給／31万円以上(一律手当含む)＋諸手当 ※経験や能力、年齢などを考慮の上で月給額を決定します。 ※…
293,株式会社プログランス | 新サービス展開中！◆完全週休2日(土日祝)◆有給申請取得率100%,未経験歓迎！自社メディアの【法人営業】★賞与実績年3回 正社員,正社員,月給25万円〜40万円+インセンティブ 別途手当あり ※経験・年齢を考慮の上、当社規定により優遇します …
294,日本コンセントリクス株式会社 | ★完全在宅勤務・完全週休2日制・年休121日・原則定時退社★,オンラインストアの【問い合わせ対応】★全国募集(フルリモート) 契約社員,契約社員,【東京23区内で勤務する方】月給28.7万円〜 【東京23区外で勤務する方】月給25.2万円〜 ※経験・能力・…
295,"アークネット株式会社 | 「やる気スイッチ」のスクールIE,英会話スクール「WinBe」を運営",【教室長】★授業担当なし★優秀教室賞受賞×新校舎OPEN予定 正社員,正社員,■月給25万円以上+インセンティブ ※スキルや能力に応じて加給優遇します。 ※継続的に売上達成している…
296,株式会社リクルート北関東マーケティング | （RKM）【リクルートグループ】,「ホットペッパー」等の【企画営業】 ★未経験者OK/年休145日 正社員,正社員,"月給23万9,470円以上 + 達成インセンティブ ★未経験でも高収入スタート！ --------------------------…"
297,株式会社ワークステーション | TERRA COAT(テラ・コート),<除菌/抗菌>テラ・コート使用【光触媒コーティングFCオーナー】 FCオーナー,FCオーナー,1日軽自動車5台/20日稼働の場合 1台1万8000円×5台×20日＝月商180万円 └液剤：1台2695円×5台×20日＝2…
298,株式会社グリード | ＼ Web面接も可能 ／ 人気のエリア福岡でネクストキャリアを―！,"意欲次第で年収1,000万円も目指せます【 売買営業 】*年休120日 正社員",正社員,月給23万円〜50万円 ＋ 諸手当 ＋ インセンティブ ※年齢、経験、能力を考慮の上、 　給与を決定いたし…
299,宮崎海運株式会社 | 海で働くスケールの大きな仕事／給与も高水準で定着率抜群★,【内航船員】30日連続休日も可能★未経験からチャレンジ歓迎 正社員,正社員,◆月給23万円〜＋諸手当 ※上記はあくまでも最低保証額です。 ※経験・年齢・能力などを考慮の上、 　当…
300,関東総合設備工事株式会社 | 関電工（東証1部上場）の案件がほぼ100%を占める安定企業！,未経験歓迎！【電気工事士】★入社祝い金有★残業月平均20H以内 正社員,正社員,月給：25万円〜(一律手当含む）＋能率給+賞与年2回 ※年齢・資格・経験・ご家族状況等により優遇します …
301,株式会社進和ホームメンテナンス | 完全週休2日制／静岡で腰を据えて活躍／月収100万円も目指せる！,蓄電池など、エコ商材の【提案営業】未経験でも月給30万円以上！ 正社員,正社員,月給30万円〜+諸手当+インセンティブ＋賞与 ※上記は最低保証金額です ※経験・能力を考慮の上、決定い…
302,株式会社栄進コンサルタント | フレックスタイム制を導入！原則残業もなく自由に働ける環境です,飛び込み＆テレアポなし！【 保険の提案営業 】*在宅勤務OK 正社員,正社員,◆未経験者／ 月給22万円以上 ＋ インセンティブ ◆経験者／ 月給25万円以上 ＋ インセンティブ ※経験…
303,株式会社前原土建 | 【キャリアUPもOK】将来的には年収800～900万の大台も目指せる！,【土木系総合職(作業スタッフ・施工管理)】20代～30代活躍中☆ 正社員,正社員,【月給】24万円〜45万円 ※前職での経験・能力・収入を考慮し決定します。 　上記はあくまで入社時の最低…
304,京都第一交通株式会社 | 【業界大手の第一交通産業グループ】◎月収30万円以上も多数在籍,自社無線+配車アプリで収入安定【タクシードライバー】未経験OK 正社員,正社員,"■月給20万円 + 歩合給 + 諸手当 + 賞与（年3回） 【試用期間3ヶ月】 乗務前・二種取得期間：日給8,000円…"
305,北王流通株式会社 | 設立から30年◆働きやすさ抜群の安定環境で長～く勤務◆,【ルート配送ドライバー】◎未経験歓迎 ★月給28万円以上！ 正社員,正社員,"月給28万8,000円〜 + 賞与:年2回 ＋ 各種手当 これまでの経験・スキルを考慮して決定します。 時間外手当…"
306,有限会社力工業 | ＜日払い・週払い相談OK＞複数資格の取得をサポート,未経験でも月給27万円～【設備スタッフ（設置・メンテナンス）】 正社員,正社員,【月給もしくは日給より選択】 [A]月給27万円〜51万円+各種手当+賞与年2回 [B]日給1万円〜2万円 ※あな…
307,株式会社エム・シー・ピー | ★基本定時退社★正当評価で年収1000万円も可能★昇給年4回,★残業なし★最大18連休！メリハリつけて働ける【積算スタッフ】 正社員,正社員,【経験者】月給34〜70万円 【未経験者】月給25〜40万円 ※経験や前職の給与を考慮の上、決定いたします …
308,株式会社Fun Work | 国家資格・民間資格の取得をサポート！月収50万円以上も可能！,【メンテナンススタッフ】★未経験スタートでも月給26万円～！ 正社員,正社員,未経験の方／月給26万円以上 経験者の方／月給30万円以上 《月収例》 ・月収34万円 ★月収50万円以上も…
309,株式会社伸芽会 | <校舎数増加の成長企業>★残業月平均20hほど★福利厚生充実,託児や学童サービスの【反響・提案営業】★未経験OK★実働7時間 正社員,正社員,■月給26万円〜 ※他、奨励給制度あり ※経験やスキルを考慮して決定します ※試用期間6ヵ月あり（期間中…
310,株式会社エム・シー・ピー | ★年齢不問★連続休暇取得も可★資格取得支援有★20～50代活躍中,【マンション修繕の施工管理】年収1000万円も可能/昇給年4回実績 正社員,正社員,【未経験者】月給28〜45万円 【経験者】月給35〜70万円 ※経験や前職の給与を考慮の上、決定いたします …
311,株式会社コアグラフィックス | 【キャラ・アニメコラボ企画多数】土日祝休★年間休日120日以上,【グラフィックデザイナー・アートディレクター】★前給保証！ 正社員,正社員,月給28万円以上 ＋ 賞与年2回 ※前職の給与額以上を保障します。 ※経験・年齢を考慮の上、当社規定によ…
312,株式会社ＩＢＪ | 【東証一部上場企業】◆年休124日◆完全週休2日(土日祝),【相談所開業営業】婚活サポート★名古屋限定募集／転勤なし★ 正社員,正社員,月給28万〜32万円＋月次賞与＋年2回賞与 ※経験・スキルを考慮の上、決定します。 ※試用期間6ヵ月（待…
313,山三交通株式会社 | 未経験活躍中／格安＆キレイな社員寮有！上京も支援／Web面接OK,稼ぎたい・マイペース両方OK【タクシー運転手】★年休125日以上 正社員,正社員,月給23万円以上 ＋ 歩合給 + 賞与年2回 ※初乗務後「月給30万円〜(3か月間)」給与保証 ※乗務開始するま…
314,株式会社ノア | 大手メーカー・家電量販店から信頼の厚い専門商社★残業ほぼなし,ニーズの高いLED照明機器を扱う【法人営業】＊土日祝休み 正社員,正社員,年俸360万円〜480万円＋インセンティブ （月収例：月収30万円〜40万円） ※年俸制（基本給および業務手…
315,株式会社ツイテルホーム | 転勤なし｜未経験でも高収入｜ノルマなし｜WEB面接実施中,お金を払う営業！【リサイクル営業】※1年目から月収40万円可 正社員,正社員,月給23万円〜35万円+歩合給 ※試用期間1ヶ月あり（その間は月給22万円） ※歩合は売上や成約件数によっ…
316,株式会社建築資料研究社 | 景気に左右されない！資格系スクール「日建学院」を運営,新宿校募集【総合職(ライセンスアドバイザー・システム営業)】 正社員,正社員,"月給27万7,000円〜（一律営業手当含む）＋インセンティブ＋各種手当（車両持込手当など） ※固定残業代…"
317,関西ポリマー株式会社 | 創業40年｜年休122日｜未経験歓迎｜大阪府緊急雇用対策に賛同,【製造スタッフ】土日祝休みの完全週休2日制 正社員,正社員,月給20万円以上＋諸手当 ※経験・スキルに応じて優遇します 【モデル年収】390万円／入社3年目 ★社員…
318,株式会社くらいす住建 | ★未経験でも月給30万～選択可★目標は全社員有給取得率100%！,オープニング募集★【リフォームアドバイザー】※土日祝休みOK 正社員,正社員,【選べる働き方】 ■A：月給30万円以上＋歩合給＋達成金（月最大12万円まで） ■B：月給18万円以上＋歩合…
319,エアリーヴィレッジ株式会社 | 経験を活かして「即戦力」として活躍｜面接1回,【自動車整備士】賞与年2回／月給25万円～／インセンティブあり 正社員,正社員,"■月給250,000円以上 ※上記は年齢・能力・経験・前給を考慮して面談で決定します。"
320,株式会社KDDIエボルバ | 《男女共に活躍出来る職場》年間休日123日／残業も殆どナシ,【カスタマーサポート】自慢の職場環境！6月入社積極採用中★ 正社員,正社員,"月給203,500円以上 ＋ 残業代別途支給 ＋ 各種諸手当＋一時金(会社の業績による) ※経験・能力を考慮のう…"
321,福岡エムケイ株式会社 | 【 MKグループ 】★ 6月6日(日)福岡転職セミナー参画 ★,【グランドパイロット(役員送迎・VIP送迎/空港送迎)】※転勤なし 正社員,正社員,月給25万円＋業績給＋賞与年2回＋一律手当 ◎いずれも基準外手当として固定残業代を含む（超過分手当別…
322,有限会社高本鑑定事務所 | 【大阪府緊急雇用対策に賛同】月収50万超も可能｜完全週休2日,未経験から活躍!【損害調査スタッフ】残業少なめ＆年休120日以上 正社員,正社員,■月給18万〜22万円＋諸手当＋業績給 ※業績給があるため、月収50万超えも可能！ ※経験・能力・年齢を考…
323,株式会社エスコーポレーション | 大阪府緊急雇用対策に賛同／月収50万円超も可／完全週休2日,世界に1台の車を提案する【カーライフアドバイザー】ノルマなし 正社員,正社員,"月給200,000円~400,000円 + インセンティブ + 賞与年2回 ※年齢・経験・スキルを十分考慮の上、当社規定…"
324,株式会社エイトハウジング | ★★未経験でも大歓迎★★業績好調！大阪府緊急雇用対策に賛同,月給30万も選択可！高収入を手に【既存営業】※土日休・定時退社 正社員,正社員,【選べる働き方】 ■A：月給30万円以上＋歩合給＋達成金（月最大12万円まで） ■B：月給18万円以上＋歩合…
325,株式会社サンライト | 茨城県水戸市に拠点を置いたリフォーム事業で、売上前年比139％,【修繕・リフォーム提案営業】点検で訪問した自宅限定！未経験OK 正社員,正社員,月給25万円以上＋インセンティブ ※試用期間3ヵ月あり（期間中に待遇の変動はございません） ※上記には…
326,株式会社ステップアップ | 県外応募も大歓迎！引越手当あり/基本月9日休み/コロナ対策万全,店長採用なら月給35万円～【店長・店長候補】 正社員,正社員,≪小松店≫ ◆店長:月給35万円〜(飲食店管理職経験者) ◆店長候補:月給30万円〜 ≪高円寺店≫ ◆店長:月…
327,西日本高速道路エンジニアリング中国株式会社 | 【NEXCO西日本グループ】◎年収600万円以上も目指せます！,【土木技術者(管理・点検・設計など)】◎年休120日×完全週休2日 正社員,正社員,月給：21万円以上+諸手当 ※経験・年齢・スキルを考慮の上、決定します。 ※入社1年は契約社員として雇…
328,鹿島フィット株式会社 | 大手ゼネコン鹿島グループ｜充実した福利厚生,【ALC・ECPの施工図・割付図作成及び打合せ】※経験者募集 正社員,正社員,月給30万円以上 ※あくまで最低限の給与となります。 　経験・能力を最大限考慮の上、決定しますので、 …
329,株式会社日本シーマート | 《イオンタウン茨木太田店内に新店OPEN》大阪・奈良に5店舗展開,未経験でも月給24万円～!【店舗スタッフ】★高収入が目指せる 正社員,正社員,◆月給24万円〜36万円＋各種手当＋賞与年2回 ※上記はあくまでも最低保障です ※年齢、経験、能力を考慮…
330,"株式会社トータル | 賞与年2回＋決算賞与は8年連続で支給｜毎年5,000円以上昇給あり",社員定着率90％超！社員想いの好環境★【施工管理スタッフ】 正社員,正社員,未経験者：月給22万円〜60万円 経験者：月給35万円〜 ★前職給与を考慮します！ ※上記の基本給に諸手当…
331,株式会社ポイント | 【大阪府緊急雇用対策に賛同】インセンティブ・1台につき30万円,未経験から年収1000万円も目指せる！【提案営業】年休125日以上 正社員,正社員,【明確なインセンティブ支給！】 月給：20〜50万円＋月ごとのインセンティブ ★月収例 月収90万円／月給…
332,新日本ネクステート株式会社 | ◇30代・男性が活躍中◇スキルを活かせて働き方自由！ノルマなし,【不動産営業】働き方自由！年収3000万円も目指せる！ 正社員,正社員,月給27万円＋歩合 ※固定残業代30時間分／5万円含む 　超過分別途支給 【試用期間】3ヶ月 期間中は月給2…
333,株式会社ルクス | コロナ禍でも急成長の業界/実力次第で高収入/20～30代活躍中,リスティング広告運用経験者大歓迎！【WEBマーケティング】 正社員,正社員,月給：30万円〜55万円 ※経験、前職給与を考慮の上、決定します。 ※試用期間1〜3ヶ月あり（月給28万円…
334,株式会社千商 | 出退勤や工程管理をIT化！ドローンスクールへの通学も検討中,官公庁や大手と取引！安定企業の【施工管理】★IT化で残業削減中 正社員,正社員,【未経験】 月給23万円〜36万円＋各種手当 【経験者】 月給30万円〜50万円＋各種手当 【モデル年収例】…
335,株式会社キュービック | ＜業績好調成長中！＞残業ほぼ無★賞与年2◎有休消化率80％以上,CMでお馴染みBBIQ※九電グループ商材【企画営業】未経験大歓迎！ 正社員,正社員,月給24万円〜65万円 ＋ インセンティブ + 賞与（年2回） ※経験・能力などを考慮の上、加給優遇します。 …
336,株式会社東亜産業 | 20代～30代中心に活躍中／年間休日120日以上,急成長メーカー企業の【法人営業】◆昇給随時＆歩合あり 正社員,正社員,月給25万円以上＋歩合 ※経験・スキルを考慮の上、決定します。 ※成約数に応じて歩合を支給します。 ※…
337,大洋建設株式会社 | ☆定着率高／週休2日☆大使館や消防庁、大手企業など取引多数！,未経験歓迎の【進行管理スタッフ】◎年齢/ブランク不問◎面接1回 正社員,正社員,＜業界未経験の方＞ 月給：26万円〜50万円 ＜業界経験ある方＞ 月給：30万円〜60万円 ※年齢・経験・ス…
338,タツミ電気工業株式会社 | 設立からの離職者ゼロ。大手電気工事会社からの受注で安定成長。,【電気工事士】未経験の方にも親身にお教えするので安心 正社員,正社員,月給：21万円〜27万円 ※経験、能力、年齢などを考慮のうえ決定します。 ※試用期間6ヶ月あり（待遇に変…
339,株式会社コプロ・エンジニアード | 東証・名証一部上場のコプロ・ホールディングスグループ,年収1000万円も叶う【プラントエンジニア(施工管理／設計)】 正社員,正社員,月給50万円〜85万円+残業手当 ※上記給与は最低支給額です。前職給・年齢・経験・能力などを考慮し、支…
340,上海中和軟件有限公司 | (上海中和株式会社)◆大手直取引◆日中合弁企業として1991年設立,年収1200万円も目指せる！【SE・PG】1ヶ月超の長期休暇可 契約社員,契約社員,年俸：540万円〜1200万円 ※年俸額の1/12を毎月支給（月額45万円〜100万円） ※経験・スキル・年齢を考慮…
341,イオンリチウムエナジー株式会社 | 【 隔週週休3日制 】新拠点が続々とオープン！成長企業で活躍,月給40万5000円以上！新規事業の立ち上げメンバー【提案営業】 正社員,正社員,月給40万5000円以上＋手当＋インセンティブ ※経験・年齢を考慮の上、優遇いたします。 ※試用期間2ヶ月…
342,"株式会社ヒビヤト | 未経験OK！日給月給22万7,500円以上スタート！◆100％面接保証",空調・衛生設備の【メンテナンススタッフ】★未経験歓迎 正社員,正社員,"日給月給22万7,500円〜44万5,000円 ★モデル年収 26歳／470万円 ※経験・年齢を考慮の上、当社規定により…"
343,有限会社中日本物流 | 自分専用トラック！／創業35年の安定企業／体力的負担が少ない！,【ナイトドライバー】月収30万以上可！／近距離配送／高速使用可 正社員,正社員,月給：25万〜30万円＋諸手当 ※あなたの経験や年齢などを考慮し決定いたします。
344,FUJINO HOUSE ENGINEERING株式会社 | #大阪府緊急雇用対策に賛同#シンプルワーク#Web面談#副業可,収入が自慢できる！月給27万円以上の【作業スタッフ】※残業なし 正社員,正社員,月給27万円〜＋歩合給（売上の50％を還元） ⇒月収例：55万円／29歳 ※経験、年齢、能力を考慮のうえ、決…
345,株式会社カインドホーム宇都宮 | 月給30万～70万円+高額インセンで年収800～900万円も実現可能！,ニーズがある商談のみを担当！提案に集中できる【営業職】 正社員,正社員,月給30万円〜70万円＋売上に応じた高額歩合給 ※試用期間3カ月は25万円
346,日本車輛洗滌機株式会社 | 《創業60年超》新幹線や列車、バス等の洗車機を製造・販売,【洗車機システムの設計】★完全週休2日(土日祝)★年休120日以上 正社員,正社員,月給30万〜50万円 ※経験・スキル・年齢を考慮の上、決定します。 ※試用期間3ヶ月（待遇に変更なし）
347,センターゲート株式会社 | *土日祝休み*原則定時退社*テレアポなし*,企業のオフィス移転をサポート！法人向け不動産の【提案営業】 正社員,正社員,◆月給：23〜28万円+歩合給(毎月支給) →成果に対してしっかり歩合で還元。契約金額の10％が月給に反映さ…
348,株式会社Ｆｏｒ　Ｙｏｕ　Ｃｏｎｓｕｌｔｉｎｇ | やる気スイッチの「スクールIE」運営/上尾・北本・鴻巣で新教室!,＼新教室立ち上げ！／個別指導塾の【教室長候補】★教育経験不問 正社員,正社員,"月給240,000円〜 ＋ インセンティブ ※経験、スキルなどを考慮した上、決定します。 ※試用期間3ヵ月あり"
349,株式会社A-Trus | ☆年間休日122日☆《 毎月の歩合給あり！頑張りが収入に直結！》,企業と求職者をマッチングする【営業スタッフ】平均月収35~40万 正社員,正社員,【 月給20万円以上＋歩合給＋各種手当 】★平均月収35~40万円 ※あなたの経験・スキルを考慮して決定い…
350,株式会社Ｍｕｓｈ－Ｒｏｏｍ | 【大阪府緊急雇用対策に賛同】■大手クライアントとの取引多数,【WEBマーケター／ディレクター】ポテンシャル重視の選考です！ 正社員,正社員,月給28万円〜40万円 ※経験・スキルに応じて優遇します。 【備考】 お互いを知るための期間として、1〜…
351,株式会社ユーアイテック | 右肩上がりの成長を継続,【電気工事スタッフ】経験・知識・資格不問。面接は1回のみ 正社員,正社員,日給1万円〜1.5万円（固定残業手当1時間1500〜2250円含む） ※固定残業時間超過分別途支給 ※経験・能力…
352,東山管理センター株式会社 | 関西トップクラスの実績／資格手当など福利厚生充実,快適な水環境を守る【調査・メンテナンス】 ★年休125日★ 正社員,正社員,完全週休2日制…月給20〜29万円＋諸手当 週休2日制………月給23.5〜35万円＋諸手当 ※希望に応じて選択可…
353,株式会社ドリームジャック | 【売上155％増で拡大中】1人ひとりの理想を応援！★副業もOK,理想の環境でキャリアが広がる【開発エンジニア】★テレワーク可 正社員,正社員,"◇月給30万円〜50万円 ※固定残業代（4万1,000円〜6万8,500円、20時間相当分）含む。 　20時間超過分は…"
354,株式会社曙佳源 | 安定成長中！グローバルIT企業★残業月20時間以下,中国語を活かしたい方は、一定要看！【ITエンジニア】 正社員,正社員,月給23万円〜40万 ※年齢、経験、能力を考慮の上、当社規程により決定いたします。
355,株式会社フィット | 新型コロナにも影響されない／大手と直取引で安定の経営基盤！,＼求ム、社長の右腕！／【営業】★仕入れのエキスパートへ育成 正社員,正社員,月給25万円〜35万円＋賞与(年2回)+インセンティブ ※経験・年齢を考慮いたします ※試用期間3ヶ月(月給23…
356,株式会社めいしんグループ | 努力や成果をインセンティブで還元！◎年間休日120日以上,【コンサルティング営業】★人柄重視採用！★スピード昇格可能！ 正社員,正社員,◆月給23万8000円以上＋インセンティブ ※上記はあくまで最低保証金額です。経験・年齢を考慮の上、優遇…
357,FUJITSU UT株式会社 | 完全週休二日制(土日休)／残業少なめ／月給20万円以上も可能！,経験者採用・日勤勤務【生産管理スタッフ】入社祝い金20万円有 正社員,正社員,"月給175,000円〜＋各種手当 ※面談を通し経験、スキルなどを確認させていただき考慮のうえご提示させてい…"
358,株式会社ファイン | 駅近 ＊ 面接保証 ＊ 未経験OK ＊ 20代社員活躍中,月給30万~★残業10h以内★レジャーホテルの【客室管理スタッフ】 正社員,正社員,月給30万円以上 ★経験・能力をしっかり考慮！ ※試用期間最長3ヶ月あり（期間中は月給27万円）
359,株式会社wings | ［一番のキレイはお客様の笑顔］クリーニング業界のパイオニア,【ルート営業】週休2日！テレアポ一切なし！いきなり社長面接◎ 正社員,正社員,月給25万円〜＋各種手当＋インセンティブ ※経験・能力等を考慮した上で決定いたします ＼頑張りを正当…
360,株式会社前川造園土木 | 大手電力会社と直取引＆業績安定／大阪府緊急雇用対策に賛同,街の景観を守る【造園プランナー】年休125日/月給40万円以上可能 正社員,正社員,◆月給22万円 〜 40万円 ＋ 各種手当 ＋ 賞与（年2回） 《備考》 ※昇給あり！上記は最低保証額です ※…
361,株式会社マツミ | フランク&自由な社風で、誰よりも楽しく働きたいなら当社一択！,★未経験OK！【総合職(カーコンシェルジュ／査定アドバイザー)】 正社員,正社員,【月給】22万〜45万円＋インセンティブ ※入社前のご経験などを総合的に評価、優遇します ※試用期間3か…
362,株式会社大軌 | 月収32万円以上を目指せる／賞与3回／大阪府緊急雇用対策に賛同,JRのパートナー企業！線路の【保守・メンテナンス】未経験歓迎！ 正社員,正社員,"■日勤：日給8,000円 ■夜勤：日給1万円 【モデル月収例】 月収32万円（入社1年目） 月収35万円（入社2…"
363,株式会社太田興産 | JASDAQ上場（株）ジェーソンの持株会社◆銀座4丁目の自社ビル！,【不動産管理】★自社が所有する賃貸物件の管理★年間休日120日 正社員,正社員,"◆月給24万5,900円 以上 ＋ 賞与年2回(昨年度実績：2.5ヶ月分) ・月給には固定残業代30時間分（45,900円…"
364,株式会社ワークナビ.com | [ コロナ前より業績好調！]■2021年ベストベンチャー100に選出！,"『楽しく稼げる会社』""NO.１""を目指す！【法人ルート営業】 正社員",正社員,◆月給35万円〜+諸手当+インセンティブ+賞与 ※年齢・経験・能力を考慮の上、決定します。 ※上記月給に4…
365,松田土木工業株式会社 | 姫路密着／リピート多数／増収増益★7年連続決算賞与支給中,安定基盤で働く【建築施工管理】◎未経験者でも27万円スタート！ 正社員,正社員,"【未経験者】月給27万円〜38万円 【経験者】月給31万9,000円〜40万5,000円 ※別途手当 ＋ 賞与年2回 ※経…"
366,株式会社ライフエージェント | 業績UP！コロナの影響なし！病院など専門的な内装工事のプロ集団,【作業スタッフ】＊残業ほぼなし・土日休み・月給24万円以上保証 正社員,正社員,【未経験者】 月給24万〜30万円 + 諸手当 + 賞与年2回 【経験者】 月給30万〜40万円 + 諸手当 + 賞与年2…
367,東葉技建株式会社 | 賞与年2回、昨年6ヵ月支給！年収700万円超の先輩も多数在籍中,しっかり休める【建築施工管理】土日祝休み週休2日＆年休120日 正社員,正社員,月給20万円〜40万円＋残業代＋諸手当 ※経験、能力を考慮の上、優遇します。 ※試用期間3ヵ月あり（同条…
368,株式会社海山組 | 【ベテランのスキル、歓迎します。】※※年齢不問募集※※,★入社祝い金最大30万円支給（※1）★【土木施工管理】 正社員,正社員,月給40万円〜 55万円 + 諸手当 ※今回の転職が不利にならないよう、あなたの年齢、経験、能力を考慮のう…
369,株式会社晃和コンサルタント | 宮崎で業界トップクラスの実績☆スキルアップも目指せる！,【建設コンサルタント】★年間休日120日以上★土日祝休み 正社員,正社員,月給20万5000円〜40万円 + 通勤手当（5000円〜）＋諸手当 ＜モデル例＞ ・年収500万円／20代／建設コン…
370,冨士自動車株式会社 | 安定のKmグループ★年220休も可能／平均年収500万円／電話面接可,家電付き個室寮あり★全車両ハイグレード【タクシードライバー】 正社員,正社員,月給30万円以上 ★経験、未経験問わず初乗務後はさらに20万円支給！ 【研修中について】 ・未経験者(1〜…
371,信盛物流株式会社 | 【1人1車！車内環境もあなたの自由！】大阪府緊急雇用対策に賛同,"未経験歓迎！選べる働き方 ""日勤or夜勤""【ルート配送スタッフ】 正社員",正社員,●日勤：月給37万円以上 ●夜勤：月給39万円以上 ※月給には一律手当を含む ※経験・能力を考慮の上、決…
372,三喜工業株式会社 | <海外事業も積極的>コロナの影響もほぼなしの安定&成長企業,月給50万も可能★【管理スタッフ】年休115日/賞与年3回/未経験OK 正社員,正社員,◆経験者：月給40万円〜50万円 ◆未経験：月給30万円〜40万円 ※それぞれ一律諸手当含む ※経験・スキル…
373,株式会社今井自動車教習所 | ☆販売・サービス業出身者多数活躍中【フォロー体制抜群の環境】,【教習インストラクター】◎年収400万円以上可！※未経験大歓迎 正社員,正社員,月給22万円以上＋諸手当（残業代は別途全額支給）＋賞与年2回　★☆ ※教習指導員の資格取得前は月給19…
374,株式会社エス・ケー・アイ | 医師専門人材エージェント,【営業・コーディネーター】未経験者も無理なく売れる秘密あり！ 正社員,正社員,月給35万円〜50万円 経験・能力・スキル等を考慮の上、当社規定により決定します。 固定残業代95時間分/1…
375,新日本住建株式会社 | ★チャンスも大きい！最大4名採用 ★土日祝休みと働きやすい環境,【総合職(経理/総務)】経験浅め～エキスパートまで幅広く採用！ 正社員,正社員,月給：22万円〜40万円 ※前職や経験、スキルを考慮の上、優遇いたします。
376,株式会社エイコーレンタサービス | コロナ禍でも拡大！コインパーキングを運営する成長企業,コインパーキングの【提案営業】◎高い成約率が営業力を後押し 正社員,正社員,月給24万円〜＋インセンティブ＋賞与年2回 ※経験・スキル・年齢を考慮の上、決定します。 ※上記金額に…
377,ケイエイツー株式会社 | 店舗拡大中の急成長住宅メーカー★2020年度グッドデザイン賞受賞,UIターン歓迎／WEB面接OK／引越代負担あり【経理】★月給25万円~ 正社員,正社員,月給25万円〜35万円 + 諸手当 ※年齢、経験、能力を考慮の上、優遇します。 ※最長3ヶ月間の試用期間あ…
378,株式会社タイセイ | 感謝と稼ぎが比例する総合不動産会社｜大阪府緊急雇用対策に賛同,お客様と二人三脚で住まいをつくる【設計アシスタント】 正社員,正社員,月給28万円〜40万円 ※上記には固定残業手当（5〜7万円/27時間分）が含まれます。 ※超過した分は別途全…
379,株式会社興徳クリーナー | 転勤・出張・夜勤なし／だんじり祭りの時期のお休みなども相談OK,月収45万円も目指せる！【倉庫作業スタッフ】※年間休日120日 正社員,正社員,"■月給18万円〜25万7,000円＋残業代100％支給＋諸手当＋賞与年2〜3回 【月収45万以上の社員が多数！】 …"
380,株式会社ARS | 連続売上UP!業界高水準の給与!/選べる賞与年4回orインセンティブ,【メンテナンススタッフ】コロナ禍でも好業績/年休122日保証!! 正社員,正社員,"月給：220,000円〜500,000円 ※年齢・経験・能力を考慮し決定します。 ※上記には37時間分の固定残業代(5…"
381,株式会社Y’S GARAGE | 完全週休2日残業月10h／住宅手当支給でU・Iターン歓迎／未経験OK,ノルマナシ＆完全反響型【自動車提案営業】島根or京都で活躍！ 正社員,正社員,月給25万円以上+月次達成手当+賞与年2回 ※経験やスキルを考慮して基本給を決定いたします。 ※固定残業…
382,株式会社アクト | ＼賞与は4～5ヶ月分を支給／残業は月平均10時間ほどです,＜前職給与保障＞道路や河川などの【施工管理】★年休113日 正社員,正社員,【未経験】 月給25万円以上 【経験者】 月給35万円以上 ★前職給与を保障します！ ※年齢・経験・スキ…
383,株式会社メディカルアシスト | <大阪府緊急雇用対策に賛同>年休120日以上／難波駅より徒歩スグ,【税理士補助】土日休み／20～30代が活躍中／インセンティブあり 正社員,正社員,月給30万円以上＋インセンティブ ＼インセンティブについて／ ★スポットで担当する案件の契約額×20%を…
384,株式会社東名 | 2020年7月に東証・名証一部に上場しました！,【ソリューション営業】月給27万円以上／インセン有／未経験OK 正社員,正社員,"■月給27万円以上＋各種手当＋インセンティブ （上記には固定残業35時間／70,000円以上を含む） ※経験…"
385,株式会社Y’S GARAGE | 経験者月給30万円以上／住宅手当支給でU・Iターン歓迎／未経験OK,完全週休2日＆残業少なめ【自動車整備士】島根or京都で活躍！ 正社員,正社員,【経験者or資格保有者】月給30万円〜38万円+月次達成手当+賞与年2回 【未経験者】月給23万円〜30万円+月…
386,Bigmac株式会社 | 3期連続で200%成長を遂げているデジタルマーケティング企業,デジタルマーケティングの【営業職】 正社員,正社員,◆月給17万〜50万円 ＜平均年収＞ 300万円〜600万円 ※これまでの経験・能力等を十分に考慮し、当社規…
387,株式会社LIV | 大手芸能プロダクションと提携！応募～内定まで1週間以内！,新事業を成功へ【芸能マネージャー／営業】未経験OK・20代活躍中 正社員,正社員,月給22万円〜30万円 + インセンティブ（7万円〜15万円／1案件） ※経験・年齢・スキル・前職の給与額を …
388,株式会社ケーシーエス・エス | 大阪府内を中心とした近距離のみ／【大阪府緊急雇用対策に賛同】,入社2年目の平均月収40万円◎しっかり稼げる【ドライバー】 正社員,正社員,◆月給21万円以上+インセンティブ+残業手当+各種手当 ※2年目の平均月収は40万円。5〜6年目で年収600万円…
389,株式会社SAMURAI | ■賞与支給実績は年3回 ■営業ノルマなし ■堅苦しくない店舗,未経験歓迎★【営業】※残業ほぼなし＆休みは希望を反映！ 正社員,正社員,月給20万円〜50万円 ※経験・年齢・スキルを考慮の上、優遇致します。 【年収例】 未経験入社1年目:年収…
390,ロビンスジャパン株式会社 | SUUMO 関東 注文住宅・工務店ランキング2016～2020年第1位,【完全反響営業】ショールームでの輸入住宅アドバイザー 正社員,正社員,月給30万〜50万円+歩合 ※経験・能力に応じて優遇します。 未経験者／月給23万〜32万円
391,株式会社ケーシーエス | 完全週休2日or週休2日で働き方を選べる／普通免許があれば応募OK,【総合職(ドライバー・メンテナンス)】未経験OK／月収45万円も可 正社員,正社員,"■月給18万円〜25万7,000円＋諸手当＋賞与年2回 ※残業代100％支給 ★月収45万円以上の社員もいます！ …"
392,株式会社北浦板金 | 大阪府緊急雇用対策に賛同｜月給30万円以上も可／土日休みもOK,"働き方が""3パターン""から選べる！【取付スタッフ】決算賞与あり 正社員",正社員,【1】週休制／月給30万円以上 【2】週休2日制／月給28万8000円以上 【3】完全週休2日制／月給26万4000円…
393,株式会社近畿サービス | 創業63年の安定基盤／エコ事業を展開／大阪府緊急雇用対策に賛同,安定企業で活躍【ドライバー】免許は入社後でもOK◎手当充実◎ 正社員,正社員,月給：26万円〜＋諸手当（運転手当・早朝手当 等）+賞与（年2回） 同じドライバーでも、希望は十人十色…
394,株式会社マリーロード | 《ラシュレディアコート》週休二日／賞与年2回／男女共に活躍中,一生に一度の瞬間を彩る【ウエディングプランナー】◎未経験歓迎 正社員,正社員,■月給20万2600円〜23万4600円＋諸手当＋時間外手当（残業をした場合全額支給）＋賞与（年2回） ※経験…
395,株式会社関塾 | 完全個別指導塾「Dr.関塾」を運営／月給30万（試用期間25万円）,年齢不問！学習塾加盟店の【開発営業】※反響中心＆残業ほぼなし 正社員,正社員,月給30万円スタート＋賞与年2回＋業績に応じたインセンティブあり ※経験、能力を考慮の上、優遇します …
396,株式会社エフテック | ★月給30万円以上！家族手当や住宅手当など待遇も充実！,昨年竣工！最先端設備＆快適な環境で活躍する【整備士】 正社員,正社員,月給30万円〜45万円 ※経験・年齢・能力を考慮のうえ、決定致します。 ※試用期間3ヶ月(期間中の待遇に…
397,株式会社大通 | 全国の公営競技施設の電気工事を手掛ける会社 ★賞与最大150万円,前職給与最大限考慮【電気設備保全（定修工事・一次請け案件)】 正社員,正社員,月給　30万円〜60万円＋諸手当 ※経験・年齢により優遇します。 ※試用期間３ヶ月あり （その期間は日給…
398,株式会社小山電機工事 | ★電話問合せOK(076-274-8004)★Max60万円の職長手当あり,未経験もOK☆【電気工事士】資格をとり稼ぎたいと思いませんか？ 正社員,正社員,月給30万円〜50万円 ＼前職給与考慮／ ※年齢・経験・能力を考慮のうえ、決定。 ※試用期間あり（最大3…
399,鶴ホーム株式会社 | 最大月給45万円＋明瞭なインセンティブ制度あり！完全反響営業,【不動産営業】※未経験者・経験者まで幅広く歓迎！ 正社員,正社員,未経験者：月給21万円〜＋インセンティブ 経験者：月給26万円〜45万円＋インセンティブ ※経験を考慮し…
400,nts株式会社 | 大手各社と安定取引＆案件増を継続中◎,自社サービスの提案・告知をお任せ！【運営スタッフ】女性活躍中 正社員,正社員,月給35〜45万円+賞与年2回 ※経験・能力を考慮の上、決定 試用期間3ヶ月：同条件
401,株式会社倉嶋自動車商会 | 【MAZDA Autozam 焼津】／地域密着×業績好調,【カーライフアドバイザー】未経験歓迎／研修制度◎／ノルマ無し 正社員,正社員,"月給222,000円以上 ※経験・年齢を考慮の上、当社規定により優遇します。 ※試用期間3ヶ月あり（待遇に変…"
402,株式会社エーライド | SNS、動画、広告等の幅広い商材を使い採用を支援！未経験歓迎★,東海エリアの中小企業をバズらせる！【採用プランナー】 正社員,正社員,■月給23万円〜35万円＋インセンティブ ※45時間分・5万4225円〜7万円のみなし残業手当含む（超過分は別…
403,タウンクロス株式会社 | 賞与5～6か月支給実績あり！★12年連続増収増益の安定基盤★,*埼玉限定募集*【通信設備工事】未経験で月給25万円～の好待遇 正社員,正社員,月給25万円 〜 35万円　＋　諸手当 ※経験・年齢を考慮の上、当社規定により優遇します。
404,株式会社ワイズ高橋 | 設立約20年の安定企業！海外報奨旅行・退職金などの制度あり！,＊本当にノルマなし＊ 高級輸入車店の【総合職(営業・買取)】 正社員,正社員,月給25万円以上＋歩合給 (営業経験者は毎月+5万円の手当支給！) ※試用期間3〜6ヵ月あり(期間中、待遇に…
405,株式会社大黒屋 | #大阪府緊急雇用対策に賛同#経験者は収入で優遇#整った労務環境,建築資材・重機を運ぶ【ドライバー】※4tコンテナ/ダンプ車など 正社員,正社員,"◆月給：28万6,000円〜37万4,000円 ※経験・スキルに応じて優遇します ※試用期間3ヶ月（月給28万6,000円）"
406,株式会社川村インターナショナル | 英語力が活かせる／年休125日／コロナ禍でも安定経営！,国内と世界をつなぐ！翻訳／機械翻訳サービスの【企画営業】 正社員,正社員,月給21万円〜25万円＋インセンティブ+賞与年2回 ※半期に一度、インセンティブ支給制度あり ※経験・能力…
407,有限会社ヤマテック | 関西エリアの幅広い電気工事に対応／賞与は最大年100万円も可能,＼経験ゼロでOK・育成枠採用／【電気工事スタッフ】残業少なめ 正社員,正社員,"月給195,000円〜340,000円 + 諸手当 + 賞与年2回 ※年齢・経験・スキルを十分考慮の上、当社規定により…"
408,"株式会社エフ・アール・エス | 【新拠点も立上の成長企業】◆賞与＆歩合で年収1,000万超えOK！",収入と働きやすさを手に！【不動産営業】★土日祝休★年休125日 正社員,正社員,【関東勤務】 月給:32万円〜50万円＋歩合給 ※みなし残業代（20時間分／5万円〜）を含む。 ※超過分は別…
409,株式会社司興業 | 官庁（県・市橋梁補修含む）、民間（開発工事・鉄道土木ほか）,社会インフラを支える【土木施工管理】賞与年2回＋決算賞与あり 正社員,正社員,月給：35万円〜70万円 ※年齢、経験、能力を考慮の上、優遇いたします ※上記には固定残業手当（45時間分…
410,株式会社ヴェス | 市場規模は約5兆円◎累計1万件超の実績【第三者検証の専門企業】,【ソフトウェアテストエンジニア】テスト設計、リーダー 正社員,正社員,◆未経験者：月給21万円以上＋賞与年2回 ◆経験者：月給26万円〜50万円＋賞与年2回 ※経験・スキルに応…
411,株式会社沖縄ユーポス | 【 ユーポスグループ 】20代の若手社員が続々と入社しています,原則残業なし★働きやすい環境・高収入が手に入る！【 営業職 】 正社員,正社員,月給20万円〜30万円 ＋ 諸手当 ＋ インセンティブ ※経験・スキルを考慮して給与を決定します。 　詳し…
412,株式会社EnjoyLifeCompany | 九州電力グループ・株式会社QTnetのパートナー企業,【コンサルティング営業】未経験歓迎！／月収40万円以上も可能 正社員,正社員,月給20万円〜45万円＋インセンティブ＋賞与年2回 ※経験・能力を考慮して決定いたします ※上記には月40…
413,株式会社逢慈 | 社用車は1人1台／有給は10日以上取得／大阪府緊急雇用対策に賛同,未経験歓迎！お客様に寄り添う【フォロー営業】残業少なめ 正社員,正社員,月給21万円〜+諸手当+インセンティブ＋賞与(年2回) ※上記は最低保証金額です ※経験・能力を考慮の上、…
414,株式会社ミナカミ | 創業昭和32年／資格手当も最大5万円と充実／年間休日125日,"消防用設備の【施工管理】30代で年収1,000万の社員も多数在籍！ 正社員",正社員,月給 18万円〜22万円 ※経験・年齢を考慮の上、当社規定により優遇します。 ※試用期間6ヵ月（その間の給…
415,アキバネクサス株式会社 | ◆履歴書不要 ◆面接1回 ◆即時勤務OK ◆コロナ禍でも安定経営,最高水準の高待遇【軽車両ドライバー】◆月80万も可◆週払いOK 業務委託,業務委託,完全歩合給制（1件140円〜500円） ★月収50〜60万円は充分可能 ★週払いOK！ ★1日1万5000円〜2万円保証…
416,株式会社環境設備 | ＜業績好調＞賞与年4回／社用車1人1台／社宅用意可／WEB面接OK,☆★インセンティブ充実★☆【営業】＃UIターン歓迎 ＃転勤なし 正社員,正社員,月給20万円〜 ＋ 歩合給 ＋ 諸手当 ＜モデル例＞ ★月収52万円／入社1年目 ※浄化槽工事は1件あたり70…
417,株式会社福岡地行 | 新築分譲/新築注文住宅を軸に総合的な不動産事業を展開する企業,自社ブランドマンション/戸建て住宅【販売営業】◎経験者優遇！ 正社員,正社員,月給25万円 〜 ＋ 諸手当 ※年齢、経験、能力を考慮の上、決定致します。 ※待遇条件の詳細については、…
418,株式会社鶴電工業 | 大規模な発電所等の建設工事に携われる全国有数の企業です!!,【技術職(電気設備工事/電気施工管理候補)】☆経験者は優遇！ 正社員,正社員,<経験者> 月給25万円〜40万円＋諸手当 <未経験者> 月給20万円〜＋諸手当 ※経験・年齢・資格を考慮の上…
419,昭和エンジニアリング株式会社 | 【幅広い年代が多数活躍中！】※大阪府緊急雇用対策に賛同,月給50万円以上を保証！【土木施工管理】※NEXCOや国交省と取引 契約社員,契約社員,月給50万円〜90万円 ※あなたの経験・能力・年齢などを考慮し、当社規定により決定いたします。※試用期…
420,株式会社AZEAL BRANDING | ★「映像」を利用したブランディングを強みに急成長を続ける企業,若手活躍中！新しいトレンドを作るのはあなたです！【法人営業】 正社員,正社員,月給23万円以上＋インセンティブ＋達成金 ※経験・年齢を考慮の上、決定いたします。 ※試用期間1〜6ヵ月…
421,株式会社アビックスコーポレーション | 《メルセデスベンツ正規取扱・YANASE販売協力店》★ノルマなし,◎面接1回！【総合職／カーライフアドバイザー・買取スタッフ】 正社員,正社員,"月給23万円〜29万円＋インセンティブ ※固定残業代40h（48,350円〜）含む。超過分は別途支給。 ※経験、…"
422,ONODA株式会社 | ★皇居を望む見晴らし抜群のオフィス！★週休2日制（土・日）,輸入インテリア商品の【提案営業】◆早期キャリアアップ可能！ 正社員,正社員,"月給40万円〜（別途交通費支給） ※上記金額にはみなし残業代（月40時間分／91,000円〜）を含みます。み…"
423,株式会社丸二製作所 | 週休2日制(土日)｜資格取得のたびに報奨金(5万円)支給｜創業54年,育成枠採用！【製造スタッフ】※最大9連休・仕出し弁当あり 正社員,正社員,月給21万円〜30万円＋各種手当＋賞与年２回 ※経験・年齢を考慮の上、当社規定により決定します ※上記…
424,"コスモコントロール株式会社 | 頑張りは賞与でダイレクトに還元！年収1,000万社員も多数在籍！",建築物の【法定調査・検査員】◆官公庁・大手案件多数 正社員,正社員,月給30万円〜 ※経験・資格・年齢を考慮の上、決定いたします。
425,株式会社ＴＨＲＥＥ | ★インセンで月10～25万円も可能！ 5月8日名古屋転職フェア参画,継続的に数字を作りやすい！レンタカーの【法人営業】★週休2日 正社員,正社員,月給24万円〜+インセンティブ ※経験・スキル・年齢を考慮の上、決定します。 ※上記金額には、みなし残…
426,株式会社ネクスト・トライ | 残業ほぼなし&週休2日制★,【不動産買取営業】未経験歓迎！高額インセンで、年収1000万円可 正社員,正社員,月給25万円〜30万円+インセンティブ（売上利益に対して5~10%） ※経験・能力を考慮して決定します。 ※上…
427,株式会社ディーライン | ☆週休2日制／土日休み／賞与年2回／手当充実,【配送ドライバー（大型／4t）】☆最大で月給70万円も可能！ 正社員,正社員,月給26万円〜70万円 ＜月給例＞ 【中型】月給26万円〜50万円 【大型】月給32万円〜70万円 試用期間最大…
428,関西イシダ株式会社 | #世界有数のはかりメーカー#賞与5ヶ月実績,世界的知名度を誇るメーカーの【法人営業】※未経験スタートOK 正社員,正社員,"◆月給200,200円〜 ＋ 諸手当 ※あくまでも未経験者の最下限給与です。 　経験・年齢などを考慮の上、当…"
429,丸富運輸有限会社 | 免許取得は入社後でOK/社員寮有/ローソン部積極採用/電話問合OK,未経験OK！【配送スタッフ】★日中運行のみ ★希望休が取れる！ 正社員,正社員,■大型／月給35万〜40万円 ■中型／月給25万〜34万円 ■トレーラー／月給32万〜35万円 ※いずれも試用期…
430,グローバルイズム株式会社 | 「マイナビ転職」「マイナビバイト」など…取り扱い媒体多数！,時間・場所など、縛りなし！完全フリーの働き方【求人広告営業】 業務委託,業務委託,完全歩合制 ※制作媒体によって異なりますが、売上粗利10％〜25％の歩合給となります。
431,株式会社ケー・イー・シー | ■社宅・引越し補助有■環境保全のためコロナの影響が少なく安定,【焼却炉の点検員】◎年間休日144日 ◎入社半年で月収36万円も 正社員,正社員,月給20万円〜26万4500円＋別途時間外手当支給 ＜月収例＞ 月収36万円（入社半年・37歳） →月給25万円＋…
432,株式会社GLOBAL BEAUTY | 《年商10億円》安定感抜群のグローバルホールディングスグループ,月給35万円～！未経験歓迎＆週休2日の【店舗開発】※幹部候補 正社員,正社員,【月給】35万円〜45万円 ＋ 賞与 ＋ 報奨金 ※年齢、経験、能力を考慮の上、優遇します。 ※待遇条件の…
433,札幌三信運輸株式会社 | 【磐栄ホールディングス】マイナビ転職から入社した先輩も活躍中,医療品メイン！近距離の【ルートドライバー(ハイエース～4t）】 正社員,正社員,"日給月給 22万円〜28万円 + 歩合給 ※固定残業代71,355円〜／66時間18分を含みます。 　超過分は別途支…"
434,株式会社シンワ | 日曜固定休み＆長期連休も取得OK！資格取得支援や手当も充実！,★未経験歓迎★ イチからキャリアが築ける！【技術系総合職】 正社員,正社員,月給／25万円〜50万円 ※経験・能力・スキル等を考慮し、決定します。 ※試用期間3ヵ月（期間中の待遇に…
435,株式会社ユーアイ | WEB面接OK｜世界中の船の整備を任される会社で技術を学ぼう,未経験からはじめる【船舶エンジニア】☆月給25万円～ 正社員,正社員,月給25万円〜40万円+諸手当(残業代全額支給)+賞与年2回 ★収入に自信あり！26歳でレクサスを購入したスタ…
436,株式会社福コンサルタント | 土日祝休み／住宅手当／残業なし／高収入／面接1回／副業可,公共工事の【施工管理／点検管理】★年休126日★年収600万円以上 正社員,正社員,▼「各種1級施工管理技士」or「1級建築士」有資格者 年俸600万円〜750万円 ＜月収例＞ 月収50万円〜62.5…
437,華為技術日本株式会社,【営業職】 ◆世界的企業(HUAWEI)の日本法人で活躍！ 正社員,正社員,年俸制600万円〜1500万円 ※前職や経験、スキルを考慮の上、優遇いたします。
438,大東実業株式会社 | ★大東グループの安定基盤で働く★有給取得率◎★20～30代活躍中,【配送ドライバー】◎～月50万円 ◎賞与年2回 ◎人柄重視の採用 正社員,正社員,"月給25万円〜50万円 ※経験・能力を考慮し、決定いたします ※試用期間1〜2ヵ月あり（期間中は日給8,750…"
439,"富士防災警備株式会社 | FUJI DR SECURITY Co. ,LTD.　◆月8～9日休み ◆退職金制度あり",【外資系企業のセキュリティ業務 】※高収入・英語力あれば優遇 正社員,正社員,"月給280,000〜350,000円＋各種手当 ※年齢や経験、能力等を考慮して、当社規定により優遇致します。 ※…"
440,明興電設株式会社 | TEL問い合わせOK⇒048-961-8751★30代で年収800万以上の先輩も！,【電気工事施工管理】経験者は月給50万も可能！前給考慮します！ 正社員,正社員,月給22万〜50万円＋諸手当＋賞与年2回 ※経験・年齢・スキル・資格を考慮の上、当社規定により優遇しま…
441,梅田運輸倉庫株式会社 | 【大阪府緊急雇用対策に賛同】設立72年！物流業界の老舗企業！,週休2日・月収26万円以上可な環境で働く【2ｔ配送ドライバー】 契約社員,契約社員,時給1200円〜 ※最短9ヶ月で正社員登用可！ （多くのスタッフが9ヶ月後に正社員となっています！） ※試…
442,華為技術日本株式会社,【プリセールス】 ◆世界的企業(HUAWEI)の日本法人で活躍！ 正社員,正社員,年俸制600万円〜1200万円 ※前職や経験、スキルを考慮の上、優遇いたします。
443,株式会社NEXT STORIES | 【大阪府緊急雇用対策に賛同】■選べる働き方■祝い金・手当充実,【人事】優秀な人材の採用活動を行う、攻めの人事！月給25万円～ 正社員,正社員,月給25万円以上+賞与（年2回） ※能力や経験などを考慮して優遇します。
444,株式会社アイプロホールディングス | ◆残業月20h以内/営業中央値年収約741万円/有給消化率85％,隠れた名店・未経験歓迎！20～30代活躍中です！【不動産販売】 正社員,正社員,【月給】30万円以上+業績給+報奨金 ※経験・年齢を考慮の上、当社規定により優遇 ＜初年度月収例（売上2…
445,株式会社東海サービスセンター | 未経験の方も月給27万円◆あなたの人生、当社で変えませんか？◆,未経験歓迎★エアコン・家電設備などの【取付工事スタッフ】 正社員,正社員,月給27万円〜50万円 + 勤続祝金 + 賞与 ◎これまでの経験、スキル、資格を考慮し決定します。 ◎試用期…
446,明大潜水工業株式会社 | 【大阪府緊急雇用対策に賛同】※昨年賞与6ヵ月分（平均90万円）,未経験OK【調査・作業スタッフ(潜水士)】基本定時退社／土日祝休 正社員,正社員,月給25万円〜＋賞与 【モデル年収例】 30代：500〜600万円 40代：1000万円 ※経験・能力・年齢を考慮の…
447,MIGホールディングス株式会社,駅ナカのスイーツ販売だけで高利益！【駅ナカ販売】FCオーナー FCオーナー,FCオーナー,<売上：1日平均17万円、月間442万円> 関東 横田商店、MURATA ▲商品仕入：331万5000 円 ▲人件費：7万200…
448,"イビデン産業株式会社 | 安定・安心★売上高2,959億円を誇るイビデンのグループ企業",イビデングループ保険代理店【保険営業】土日休／残業月20h以下 正社員,正社員,【 月給18万円〜35万円+各種手当 】 +賞与年2回 年齢・経験・能力を考慮のうえ、決定します。 別途、各…
449,株式会社レソリューション | 自動車業界人材会社業績No.1,【総合職】安定の自動車業界で働く！整備士・事務・サービス 正社員,正社員,月給25万円〜56万円＋賞与年2回 ※経験・年齢・資格等を考慮の上、決定いたします。 ※残業代など手当は…
450,有限会社日詰電業 | ◆27歳で年収700万円を稼ぐ先輩もいます！◆年間休日118日！,未経験OK★頑張りは即給与に【電気メンテナンススペシャリスト】 正社員,正社員,"月給167,600円〜222,000円＋各種手当 ※経験・スキルを考慮の上当社規定により決定します。 ※試用期間・…"
451,株式会社タイセイ | 年間休日112日・最大で20連休を取得した先輩も！／面接1回,【解体作業スタッフ】未経験者でも月給30万円を最低保証！ 正社員,正社員,【未経験者】 ◆月給30〜37万円 【経験者】 ◆月給35万円〜45万円 ※経験や年齢などを考慮の上、決定い…
452,株式会社ユーテック | 機械のメンテナンスや製造などの経験者優遇！,【メンテナンススタッフ】月給30万円以上・面接1回・未経験歓迎 正社員,正社員,月給30万円〜50万円 ＋ 各種手当 ＋ 賞与年2回 これまでの経験・スキル・保有資格等を考慮して決定します…
453,株式会社九州冷鮮輸送 | ◎月給38万円～スタート！◎HINOや三菱ふそうのトラックで配送,＼転勤なし！／物流インフラを支える【大型ドライバー】 正社員,正社員,月給38万円〜45万円＋諸手当 ※残業代は別途支給いたします。 ※経験・能力を考慮して、優遇いたします。…
454,アジア熱処理技研株式会社 | 栃木工場　製造業が初めてという方も歓迎します！,年間休日は140日以上！オフが充実できる【製造職】★未経験OK 正社員,正社員,"月給24万4,000円〜26万4,000円 ※経験・年齢により加給・優遇します。 ※試用期間3カ月あり（期間中の給…"
455,株式会社レソリューション | 自動車業界人材会社業績No.1,【整備士・フロント・受付】完全週休2日、残業ナシの案件多数！ 正社員,正社員,月給25万円〜56万円＋賞与年2回 ※経験・年齢・資格等を考慮の上、決定いたします。 ※残業代など手当は…
456,札幌北交ハイヤー株式会社 | 免許取得～独り立ち後まで全面サポート／経験者はしっかり稼げる,タクシーに乗ってみませんか？【タクシー乗務員】＼経験不問！／ 正社員,正社員,【月給】20万円〜 (一律手当含む) ※能力・経験を考慮の上、決定いたします。 ※試用期間(3ヵ月)は契約…
457,想いコーポレーション株式会社 | 終活サービスに特化し、全国各地で信頼を築いている会社です！,終活の【アドバイザー】◆残業、テレアポ一切なし！高収入可！ 正社員,正社員,月給25万円〜115万円以上＋インセンティブ ★給与は経験・スキルを考慮し優遇します！ ≪月収例／入社6…
458,株式会社埼玉磐根 | 《固定ルート★長距離・深夜配送なし》景気に強い業界で安定♪,選べる休日★完全週休2日もOK！月給24万～【2t・4tルート配送】 正社員,正社員,【完全週休2日の場合】 月給24万円〜28万円＋各種手当 【週休1日の場合】 月給28万円〜34万円＋各種手当…
459,郡司建設株式会社 | 年収850万円も可能！前職給与を最大限考慮,賞与平均3.2ヶ月分支給！【建築施工管理】※有資格者の採用 正社員,正社員,月給30万円〜40万円 ※経験・年齢を考慮の上、当社規定により優遇します。 ※試用期間3ヶ月（その間の給…
460,想いコーポレーション株式会社 | 終活サービスに特化し、全国各地で信頼を築いている会社です！,Web系総合職(フロントエンジニア/コーダー/デザイナー) 正社員,正社員,月給34万円〜115万円以上＋インセンティブ ★給与は経験・スキルを考慮し優遇します！ ※≪昇給≫随時あ…
461,株式会社大平基礎 | 17時には工事終了。残業少なめで月収26万円以上も目指せます！,充実の手当アリ&高収入も目指せる【機械オペレーター】*未経験OK 正社員,正社員,"●経験者／月給32万5,000円〜45万5,000円 ●未経験者／月給19万5,000円〜31万5,000円 【モデル月収例】 …"
462,カオンメディアジャパン株式会社 | ★韓国語を活かして活躍！★完休二日制★外資系企業,デジタル接続デバイスの【フィールドエンジニア（FAE）】 正社員,正社員,年俸600万円〜800万円 ※前職や経験、スキルを考慮の上、優遇いたします。
463,株式会社ヒノマル架設 | ★5月22日（土）「転職フェア 池袋」に参加します！★,月収60万円も可能！【組立スタッフ】★未経験OK★社宅完備！ 正社員,正社員,"日給1万5,000円〜2万3,000円 【月収例】 月収46万円 日給1万5000円25日+諸手当（21歳・経験2年） 月収60…"
464,株式会社札幌解体建設 | 転勤なし／電話問い合わせもOK！ ⇒ TEL／011-865-6060,月収24万円以上も可！【総合職（作業員／重機オペ／施工管理）】 正社員,正社員,日給 1万円〜 + 各種手当 ＜月収例＞ 日給1万円×月24日＝24万円 + 各種手当 ※試用期間あり（最長3ヶ…
465,フルカワ工業株式会社 | 随時昇給・賞与年2回(前年度実績)・土日の週休2日制,万全のサポート体制あり【技術スタッフ】創業46年の安定企業！ 正社員,正社員,月給20万7768円〜31万2938円 ＋各種手当＋賞与年2回（前年度実績） ※年齢、経験によって決定いたします…
466,株式会社中国道路施設 | 【全国でも数少ない案内標識塔の専業メーカー】★週休2日(土日),広島に根ざして働く！看板広告の【企画・提案営業】◎未経験歓迎 正社員,正社員,月給20万円 〜 30万円 +インセンティブ制度あり +賞与年2回 ※経験や年齢、スキル等を考慮の上、当社規…
467,株式会社三矢 | 東京都内・水道局などのスケールの大型案件がメイン★社員寮あり,残業ほぼナシ&高収入【設備作業スタッフ】未経験も月収28万円～ 正社員,正社員,日給月給：28万円〜 ※経験・年齢を考慮の上、当社規定により優遇！ ※試用期間3ヶ月（日給月給：26万円…
468,株式会社名光電気 | 残業なし／資格取得も支援／2017年設立の新進気鋭の会社です！,未経験・資格ナシの方歓迎！一から育成の【電気工事スタッフ】 正社員,正社員,月給20万円〜50万円 ※経験・年齢を考慮の上、当社規定により優遇します。 ※試用期間3ヵ月（その間の給…
469,合資会社東洋電機制御 | ☆離島で楽しく働こう！未経験からチャレンジできる！☆転勤なし,【電気工事士】頑張りをしっかり給与に還元！高収入も目指せる☆ 正社員,正社員,月給17万円〜＋諸手当 ※年齢、経験、能力を考慮の上、優遇します。 ※最長1ヶ月間の試用期間あり(待遇…
470,株式会社モリコーポレーション | 完全週休2日制／土日祝休み／年間休日123日／月給24万円以上も可,未経験から心地良く働く【営業・事務スタッフ】 正社員,正社員,＜クライアント企業内＞ 月給24万円以上＋各種手当＋賞与 ＜東京支社＞ 月給20万円以上＋各種手当＋賞与 …
471,株式会社ウッドヴェル | ＼ 成長著しいベンチャー企業で活躍！ ／ ☆男女ともに活躍中！,【 営業スタッフ 】高収入が叶う！★沖縄はオープニング募集★ 正社員,正社員,"▼入社1ヶ月目 月給 300,000円以上 ＋ インセンティブ ＋ 諸手当 ▼2ヶ月目以降 月給 200,000円以上 ＋ …"
472,平安衛生開発株式会社 | ＊未経験でも月給24万円～／残業なし／資格取得は全額会社負担＊,★育成枠採用【ルートドライバー/作業員】◎完全週休2日制(土日) 正社員,正社員,"月給24万円〜27万円 ※年齢・経験・スキルによって考慮します ※試用期間3ヶ月（期間中は日給8,000円） …"
473,北摂工業株式会社 | #工場内は冷暖房完備で快適 #完全週休2日制で残業は少なめ,技術をイチから学び収入UPが叶う！【製造スタッフ】※未経験歓迎 正社員,正社員,"◆月給20万円〜38万円+皆勤手当（1万6,000円）+各種手当+賞与2回（4ヶ月分の実績あり／前年度） ※経験・…"
474,若松建設株式会社 | 賞与総額200万円以上(前年実績)◎年齢に関わらず全員支給です！,基本から学べる【施工管理アシスタント】◎転勤無／決算賞与あり 正社員,正社員,"月給：210,000円〜400,000円+諸手当 ※経験・年齢・能力を考慮の上、決定します。"
475,株式会社グロリアース | ★転職回数・マネジメント不問　★業績好調！環境事業で成長中,月収100万円もめずらしくない！稼げる【営業】★年齢不問 正社員,正社員,月給／23万円〜 ＋ 諸手当 ＋ インセンティブ ※年齢、経験、能力を考慮の上、優遇します。 ※試用期間…
476,株式会社サン・サービス | ◆月30万円以上◆未経験大歓迎!充実な研修有◆大手企業取引多数!,30～40代活躍中×面接1回◎快適車内空間を演出！【役員運転手】 正社員,正社員,月給30万円 ＋ 賞与年2回 ＋ 諸手当(☆充実度高め☆) ※平均年収500万円（2020年度実績） 　頑張った分…
477,ダイケン株式会社 | ＜エイブルグループ＞大阪府緊急雇用対策事業に賛同,国内外の富裕層が顧客【不動産営業】◎幹部候補募集 正社員,正社員,月給25万〜35万円+歩合給 ※経験・能力などを考慮の上、優遇いたします ※試用期間3ヶ月あり(待遇は変わ…
478,新日本リース株式会社 | 新日本グループの安定性あり◆経験を活かし腰を据えて働ける！,ゆくゆくは月収40万円～も現実的【フォークリフトオペレーター】 正社員,正社員,【月給】25万円〜33万円 + 残業手当ほか ※経験・能力の考慮の上、当社規定により決定いたします。 ※試…
479,株式会社名神建工 | 設立10年！相談依頼増加に伴いさらに成長中の会社！土日祝休み,【雨どい等の工事を扱う営業】年収600万円以上可！経験者優遇！ 正社員,正社員,月給25万円＋歩合 ※経験・能力・スキルを考慮し、決定いたします。 ※上記給与には固定残業代7万円(45h…
480,株式会社日本セイユ― | 残業少なめ／寮完備で即入居OK／日・隔土休み,50代の新入社員も入社！【反響営業】◎平均月収48万円 正社員,正社員,月給20万円〜38万円＋歩合給 ※社員の平均月収【48万円】 ※経験者はこれまでの経歴や能力などを考慮の…
481,株式会社Let's | 自由な社風が魅力◎リモートワークもOK！資格支援制度あり,“年収1000万円以上”も夢じゃない！【電気工事スタッフ】 正社員,正社員,▼現場経験をお持ちの方 月給：25万円〜50万円 ▼電気工事士の経験・資格をお持ちの方 月給：30万円〜50…
482,株式会社井沢設計 | 年収600万円も可/家族・住宅手当あり/大阪府緊急雇用対策に賛同,★月給43万円＆残業月30hと少なめ★【測量スタッフ】実働7時間 正社員,正社員,◆月給43万円＋賞与 【モデル年収例】 年収520万円〜600万円 ※年齢・経験・スキルを十分考慮の上、当…
483,有限会社福岡紙業 | #シフトによる週休2日制#土日も交代で休める#賞与年2回,未経験歓迎!月収40万円以上が目指せる【ドライバー/工場内作業】 正社員,正社員,"◆月給20万円〜30万円 ※経験・スキルに応じて優遇します ※試用期間1ヶ月あり（1ヶ月間は日給7,000円）"
484,"有限会社浪速酸素商会 | 【未経験も月給207,200円～】▼年齢不問！40代の新人も活躍中♪",長距離＆夜間の運転一切なし！【ルート配送】※未経験歓迎 正社員,正社員,"月給207,200円〜287,000円 ※年齢、経験、能力を考慮の上、優遇します。 ※最長3ヶ月間の試用期間あり(…"
485,株式会社富士鳩急送 | ◆賞与年2回◆転勤なし！月収40万円も可能です！！,【ドライバー】未経験歓迎！資格支援あり◎高収入GETも！ 正社員,正社員,月給25万円〜37万円（一律諸手当含む） ＜収入例＞ ★大型トラック／月収35万円／年収450万円
486,株式会社ヘヤミセ | 《 設立以来継続して増収中 》＼ 新店舗社員募集中！／,【総合職(賃貸営業・販促企画)】長崎での知名度抜群！ 正社員,正社員,月給20万円〜 + 諸手当 ※上記はあくまで最低保証額です。 　年齢、経験、能力を考慮の上、優遇します。…
487,株式会社リンクス | 【面接1回】未経験から高収入を目指せる／土日祝／年休120日以上,【遺品整理スタッフ】月給30万以上／歩合賞与有り／未経験歓迎 正社員,正社員,◆月給30万円以上＋歩合給 ※45時間分・8万円以上の固定残業代が含まれています。 ※固定残業代を超える…
488,株式会社ライフスタイル | 履歴書不要★入社祝い金10万円！レンタル車両あり★未経験歓迎,【軽車両ドライバー】社宅完備！月収80万以上可！土日祝休みOK！ 業務委託,業務委託,＜選べる給与形態！＞前払い制度あり◎ガソリンカード付き！ ■軽車両ドライバー 完全出来高制（1個あた…
489,株式会社サンモト | ＼ 転勤なし！高収入も目指せる！／ あなたは安定派？稼ぐ派？,アパレルの【法人営業】★完全土日祝休み ★残業ほぼ無し 正社員,正社員,月給／20万円〜35万円 ＋ インセンティブ ＋ 諸手当 ※上記はあくまで最低保証額です。 　年齢、経験、…
490,有限会社朝日新聞末津新聞舗 | ASA東久留米駅前【面接1回】バイク貸与/社員寮完備/地域密着◎,未経験歓迎×好待遇！朝日新聞の魅力を伝える【管理スタッフ】 正社員,正社員,"月給280,000円〜380,000円+インセンティブ+各種手当 【年収600万円⇒現実的に目指せます】 ※年齢・経…"
491,株式会社サンガアソシエイツ | 【さいとう税理士法人グループ】◆年休120日以上,＼即戦力募集！／スキルを高める【税理士・税務スタッフ】 正社員,正社員,月給25万3000円〜60万円（固定残業手当4万4500円〜10万円／30時間相当分含む、超過分は追加支給します） …
492,株式会社KEnKI | 発電所やポンプ場に機械器具を運搬・設置し街づくりをサポート,機械器具の運搬・設置【作業スタッフ】日本通運パートナー企業 正社員,正社員,"日給月給制：194,400円〜259,200円+各種手当 ★スキルを身につければ月収45万円以上目指すことも可能！ …"
493,リコーテック株式会社 | ＼女性のおしごと掲載中♪／★転勤ナシ★昼食手当・職能手当あり,★年間休日120日以上【営業職】丁寧な研修あり！未経験者も安心 正社員,正社員,【 月給21〜60万円 】 ※経験・スキル・年齢を考慮して、当社規定により決定いたします。 ※上記月給に…
494,株式会社城西自動車学校 | ＜利便性◎＞愛媛県を代表する、中心部に位置する好立地の教習場,自動車学校の【教習指導員】待遇＋制度＋やりがいに満足度◎ 正社員,正社員,"【月給】 140,000円 〜 400,000円　＋　諸手当 ※上記の下限値はあくまで最低保証額です。 　経験・資格…"
495,田中通信工業株式会社 | <業績好調＆需要拡大> 時代を支える「情報通信」に関わる仕事！,★IT普及に貢献★【営業スタッフ】※必要なのは普通免許だけ！ 正社員,正社員,■月給 20万円〜25万円 ※年齢、経験、能力を考慮の上、優遇いたします ※試用期間3ヶ月（待遇変化なし…
496,大庭社会保険労務士事務所 | ヽ＼30代の若手社員が多数活躍中/／※大阪府緊急雇用対策に賛同,【既存顧客のフォロー・顧客管理業務】未経験◎平均年齢31歳 正社員,正社員,"【1】給与 ■月給245,000円〜 　上記給与＋インセンティブ+賞与 　※休日形態が「日・祝完全休日+2日」の…"
497,長田広告株式会社 | 屋外広告マーケットシェアNo.1★全国73拠点・安定の無借金経営,街を彩り、人を導く広告を創る【広告企画営業】◆年休123日 正社員,正社員,"【月給】21万4,280円以上＋諸手当＋成績手当（歩合） ※あなたの年齢・能力等を考慮して決定します。 ※…"
498,株式会社フリックス | 普免のみでOK/シフトは希望考慮・休みも自由/9割以上が未経験★,多摩エリアの【軽車両ドライバー】★履歴書不要！月収80万円も可 業務委託,業務委託,"完全出来高制（単価180円〜×個数） 【月収例】 月150〜160個×単価180円×26日勤務 ＝月収70万2,000円…"
499,野間ガスサービス株式会社 | ライフラインを支える安定企業／21年連続賞与年3回支給中,大阪ガスのパートナーとして活躍！生活インフラを守る【総合職】 正社員,正社員,"月給20万円以上 【月給例：月給23万5,000円／25歳／1年目】 ※年齢、経験、能力を考慮の上、優遇します…"
500,アイデックス株式会社 | ★新宿駅でアクセス抜群！医療×不動産で成長を続ける安定企業,幅広い業務で活躍【営業事務】*年休123日*定時退社推奨*経験不問 正社員,正社員,月給21万円以上 + 賞与（年2回） ※経験・年齢・能力を考慮のうえ、決定致します。 ※試用期間6ヶ月（期…
501,日進陸運株式会社 | ★愛知県からスグ★電話での問い合わせもOK 0567-66-2510,月収40万円可能【配送スタッフ】※夜勤＆長距離ナシ/未経験OK 正社員,正社員,月給25万円〜45万円＋各種手当 ※年齢、経験、能力を考慮のうえ決定します。 ※上記月給にはみなし残業代…
502,東建コーポレーション株式会社 | ■エリア勤務でも高収入！■上場企業で安心の将来を,*年休127日*【 営業 】北関東エリア募集＊未経験歓迎＊年齢不問 正社員,正社員,"月給26万3,000円以上＋諸手当＋業績連動成果給 ※月給は、固定残業代【47時間分（6万9,000円以上）】を含…"
503,東建コーポレーション株式会社 | ■エリア勤務でも高収入！■上場企業で安心の将来を,＼年休127日／【 営業 】中四国エリア募集＊未経験＊年齢不問 正社員,正社員,"月給26万3,000円以上＋諸手当＋業績連動成果給 ※月給は、固定残業代【47時間分（6万9,000円以上）】を含…"
504,東建コーポレーション株式会社 | ■エリア勤務でも高収入！■上場企業で安心の将来を,関西募集／未経験歓迎／年齢不問【営業】＊完休2日・年休127日＊ 正社員,正社員,"月給26万3,000円以上＋諸手当＋業績連動成果給 ※月給は、固定残業代【47時間分（6万9,000円以上）】を含…"
505,株式会社ユキ設備 | 大型施設の設置実績多数★好待遇でお待ちしています！,【空調施工スタッフ】★月給26万円～★残業基本なし★手当が豊富 正社員,正社員,月給26万円〜 ＜モデル例＞ 月収30万円／管工事施工管理技士（2級） ※年齢、経験、能力を考慮の上、…
506,株式会社センシン | ハウスメーカーへの安定取引/福利厚生充実◎未経験歓迎,デスクワークが中心の【営業スタッフ】◎応募者全員面接します！ 正社員,正社員,【月給24〜30万円】 ＊＊年功序列ではなく頑張った分だけ収入がアップ＊＊ ※あなたの年齢や経験、能力…
507,株式会社総合資格 | 【 建築・不動産に特化した資格学校を運営 】賞与実績4.8ヶ月分,平均年収894万円！早期キャリアUPも可能【提案営業】※広島勤務 正社員,正社員,■月給 30万円 〜 35万5300円 ＋ 諸手当 ＋ 業績給（月度売上2.5％） ※経験・能力を考慮のうえ、決定し…
508,株式会社中央建設コンサルタント | 《 創業58年の安定・老舗企業 》賞与年3回/長期連続休暇あり,沖縄に根差して年収700万円も目指せる！【 技術士 】転勤なし 正社員,正社員,月給18万9000円〜 ※上記はあくまで最低保証です。 　年齢、経験、能力を考慮の上、優遇します。 ※最長…
509,株式会社ウンノハウス | ☆完全週休2日制☆【研修・勉強会などスキルUPできる環境豊富】,分業制なので業務に集中できる！【インテリアコーディネーター】 正社員,正社員,年俸制360万円〜420万円＋賞与 ※経験・年齢を考慮の上、当社規定により優遇します。 ※固定残業代(30時…
510,株式会社ウンノハウス | 平均年収600万円以上／研修・勉強会などスキルUPできる環境豊富,"オンリーワン""の住まいづくり【住宅施工管理】 正社員",正社員,年俸制360万円〜480万円＋賞与 ※経験・年齢を考慮の上、当社規定により優遇します。 ※固定残業代(月30…
511,日本メディカル株式会社 | ＜高松本社＞医療総合コンサルティング企業として厚い信頼を獲得,高収入を目指せる★医療機関の運用を支える【営業】既存メイン！ 正社員,正社員,"【月給】36万円〜46万円＋諸手当 ※固定残業代（8万5,000円〜11万円、40時間相当分）含む。 　40時間超過…"
512,株式会社ウンノハウス | 慣れ親しんだ場所で働きたいetc...Uターン歓迎!引越代サポート,業績賞与年4回！ワークライフバランスを実現☆【反響営業】 正社員,正社員,"年俸制420万円〜600万円＋賞与 ※固定残業代(月30時間/65,600円〜を含む) 超過分は別途支給。 ※経験・年…"
513,株式会社ウンノハウス | 平均年収600万円以上／研修・勉強会などスキルUPできる環境豊富,"安定企業で""オンリーワン""の住まいづくり【住宅設計】 正社員",正社員,年俸制420万円〜600万円＋賞与 ※経験・年齢を考慮の上、当社規定により優遇します。 ※固定残業代(30時…
514,株式会社マイプレイス | 東証二部上場の株式会社あかつき本社のグループ会社,ファミリー向け中古マンションの【仕入れ営業】をお任せします★ 正社員,正社員,"月給 27万5,000円〜50万円 ※みなし残業代（月30時間分／5万円〜6万9,000円）含む+インセンティブ ※時間…"
515,株式会社木村土建 | 【創業91年】企業基盤の安定力抜群！応募者は全員面接します！,★即戦力★ 経験を活かせる【建築施工管理】◆月給40万以上も可 正社員,正社員,【月給】 ◆1級建築施工管理技士資格者：40万円〜 ◆2級建築施工管理技士資格者：30万円〜 ◆現場経験者(…
516,株式会社ウンノハウス | ＼ 賞与年4回！／ GW・夏季・年末年始は5～8日休み！,住宅関連の工事経験を活かす！【アフターメンテナンス】 正社員,正社員,"年俸制300万円〜420万円＋賞与年4回 ★月収例：250,000円〜350,000円 ※固定残業代(月30時間/46,800円〜…"
517,株式会社総合資格 | 【 建築・不動産に特化した資格学校を運営 】賞与実績4.8ヶ月分,平均年収894万円！【提案営業】※山口／島根勤務 正社員,正社員,■月給 30万円 〜 35万5300円 ＋ 諸手当 ＋ 業績給（月度売上2.5％） ※経験・能力を考慮のうえ、決定し…
518,日研トータルソーシング株式会社 | 【売上931億円】年休最大160日＊6/12転職フェア＠広島出展,AI・自動化で注目の【ロボットのサポートエンジニア】＊広島募集 正社員,正社員,月給22万円〜＋残業手当（100％支給）＋賞与2回 ■残業手当は100％支給します！ 入社後、1ヵ月半(研修期…
519,株式会社ミラージュ | ＜ 頑張りはしっかり評価！賞与年2回＋決算賞与 ＞,【ドライバー】未経験歓迎★年齢不問★年収500万円の高収入も可 正社員,正社員,"■月給300,000円 〜 500,000円 〔モデル年収例〕 年収560万円/20代/入社2年目 年収600万円/40代/入社7…"
520,くにうみＡＩ証券株式会社 | ★くにうみアセットマネジメントグループ,【リテール営業】完全週休2日制(土日祝)・年間休日124日 正社員,正社員,"月給200,000円〜400,000円＋インセンティブ報酬 ※経験・能力・スキル等を考慮して決定します。 ※試用…"
521,日研トータルソーシング株式会社 | 【売上931億円】年休最大160日＊6/12転職フェア＠横浜出展,AI・自動化で注目の【ロボットのサポートエンジニア】＊横浜募集 正社員,正社員,月給22万円〜＋残業手当（100％支給）＋賞与2回 ■残業手当は100％支給します！ 入社後、1ヵ月半(研修期…
522,日研トータルソーシング株式会社 | 【売上931億円】年休最大160日＊6/5転職フェア＠岐阜出展,AI・自動化で注目の【ロボットのサポートエンジニア】＊岐阜募集 正社員,正社員,月給22万円〜＋残業手当（100％支給）＋賞与2回 ■残業手当は100％支給します！ 入社後、1ヵ月半(研修期…
523,株式会社エクススタッフ | ★6/6(日)福岡フェア出展します！★入社3か月で月収33万円以上♪,福岡積極採用！社員のほとんどが未経験スタート【アドバイザー】 正社員,正社員,月給25万円以上＋インセンティブ+奨励金年4回 ※経験・年齢を考慮のうえ、当社規定により優遇いたします …
524,株式会社美雪興業 | 地域密着で、コロナの影響もほとんどなしの安定企業！,プライベート充実＆高収入GET【作業スタッフ】未経験大歓迎！ 正社員,正社員,"【日給】10,000円〜20,000円 ※入社前のご経験やスキルを総合的に評価、優遇します"
525,日研トータルソーシング株式会社 | 【売上931億円】年休最大160日＊6/5転職フェア＠宇都宮出展,AI・自動化で注目の【ロボットのサポートエンジニア】＊栃木募集 正社員,正社員,月給22万円〜＋残業手当（100％支給）＋賞与2回 ■残業手当は100％支給します！ 入社後、1ヵ月半(研修期…
526,株式会社グライブ | ★年間参加者5000名超の女性向けマネーセミナーを開催！,【セミナー講師＆コンサル営業】★完全反響営業・フレックス制 正社員,正社員,月給20〜40万円＋インセンティブ（月平均70〜80万円支給） ※月収の目安は30〜300万円、実績次第で高収…
527,日研トータルソーシング株式会社 | 【売上931億円】年休最大160日＊6/12転職フェア＠高崎出展,AI・自動化で注目の【ロボットのサポートエンジニア】＊群馬募集 正社員,正社員,月給22万円〜＋残業手当（100％支給）＋賞与2回 ■残業手当は100％支給します！ 入社後、1ヵ月半(研修期…
528,株式会社福岡技建工業 | ◎高収入を実現可能《 固定給＋歩合制 》/完全週休2日制(土日祝),住まいづくりをサポートする【 反響型営業 】☆未経験者歓迎 正社員,正社員,月給25万円〜＋歩合＋諸手当 ※経験、能力を考慮の上、優遇します。 ※最長3ヶ月間の試用期間あり(待遇…
529,株式会社近畿道路資材 | ◎WEB面接可◎―イノベーションで地球を守る―総合環境整備企業,【経理】経理×高収入│残業月20時間程度！IT積極導入！ 正社員,正社員,"月給25万円＋諸手当 （※固定残業代月56,000円／40時間を含みます。） （※超過時間分は別途支給します。…"
530,長岡炭酸株式会社 | Daigas（大阪ガス）グループ/長岡採用,【総務・人事】★管理職候補 ◎残業月30h以内 ◎年間休日122日 正社員,正社員,"月給38万4,500円〜42万9,500円 ※経験・スキルに応じて優遇します。 ※試用期間あり（3ヶ月）。期間中の…"
531,株式会社バンブーフィールド | 8～12日の長期休暇あり／完全週休2日／残業少なめ,【不動産仕入れ営業】圧倒的な仕入れ易さで年収2000万円も実現可 正社員,正社員,月給30万円~＋各種手当＋インセン ※マネージャー採用の場合は月給35万円~ (収益物件は利益の最高10％、…
532,株式会社YES | ◆年休125日(土日祝)◆残業月30h以内◆メリハリをつけて働ける！,◆経験者歓迎！◆待遇も働きやすさも高水準の【電気施工管理】 正社員,正社員,月給：25万円〜45万円＋各種手当＋決算賞与 ※上記の給与額は最低保証額です ※経験や年齢などを考慮の…
533,平松電気工事株式会社 | 大規模案件多数！電気工事関連資格の保有者は優遇します！,【技術スタッフ（施工管理／電気工事）】賞与100～200万円の実績 正社員,正社員,◆月給20万円〜40万円＋各種手当 （通勤交通費＋家族手当＋皆勤手当＋出張手当　他） ※上記はあくまで…
534,株式会社當木工事 | ◆創業50年の老舗企業◆高収入・厚い待遇をご用意しています！,業績好調！大規模案件多数【設備施工管理(空調設備・衛生設備)】 正社員,正社員,月給：25万円〜50万円 ※年齢・経験・能力を考慮の上、優遇いたします。 ※試用期間6ヵ月あり（条件面の…
535,スリーエムホーム兵庫株式会社 | 淡路島エリアでトップクラス★設立19年で900棟以上の着工実績！,注文住宅・アイフルホームの【反響営業】★年収1000万円も可能！ 正社員,正社員,【1／大卒以上・建築系の専門学校卒】 月給25万円以上 ＋ インセンティブ ＋ 賞与年2回 【2／建築系以外…
536,株式会社ケンオウ | お客様に快適を提供する技術者集団！/平均年収703万円(2019年度),スキルを活かし高収入を目指せる【空調衛生設備 管理技術者】 正社員,正社員,"月給：26万7,500円〜28万7,000円 ※経験・スキルに応じて優遇します。 ※試用期間1か月あり。その間の給…"
537,スリーエムホーム高知株式会社 | 東証一部上場のLIXILグループが手掛ける『アイフルホーム』FC店,アイフルホームの【反響営業】◎完全週休2日制◎月給25万円以上 正社員,正社員,月給25万円 ＋ インセンティブ ＋ 賞与年2回 ※残業の有無に関わらず、20時間／5万円分の固定残業代が含…
538,"株式会社リオグループ | #入社1年6ヶ月／年収1,200万円 #入社8ヶ月／年収640万円等の実績",【総合職(店長候補・フロアスタッフ・企画・広報)】 正社員,正社員,◆月給35万円以上 ※店長／幹部候補は月給50万円以上です ※入社3ヶ月は試用期間として月給25万円 ⇒入…
539,株式会社丸松ササキ工業 | ★旭川に根付いて30年 ★毎年受注が増加している堅実な経営,★未経験者が半数以上！ ★月給24万円～【土木作業員】 正社員,正社員,月給／24万円〜28万円(一律手当含む) ※資格・経験を考慮し決定します。 ※試用期間(3ヵ月)も条件に変更…
540,株式会社つなぐ | 入社祝金3万円支給！5/22マイナビ転職フェア札幌に出展,未経験積極採用！3年後には年収700万円も可能【店舗・出張買取】 正社員,正社員,月給22万円〜60万円 ※経験・スキルを考慮の上、当社規定により優遇します。 ※上記には、固定残業手当52…
541,株式会社サンキホーム | 2019年度リフォーム工事件数735件【大阪府緊急雇用対策に賛同】,お客様の快適な暮らしを支える【リフォームアドバイザー】 正社員,正社員,◆働き方は2タイプから選べます ▽週休2日制の場合（毎週水＋社内カレンダーにより月1日） （1）月給20万…
542,株式会社丸松ササキ工業 | ★旭川に根付いて30年 ★毎年受注が増加している堅実な経営,★普通免許があれば挑戦OK！ ★月給26万円～【土木技術者】 正社員,正社員,月給／26万円〜35万円(一律手当含む) ※施工管理技士などの資格や経験を考慮し決定します。 ※試用期間(…
543,東建コーポレーション株式会社 | ■エリア勤務でも高収入！■上場企業で安心の将来を,月給26.3万円スタート【 営業 】三重募集＊未経験歓迎＊年齢不問 正社員,正社員,"月給26万3,000円以上＋諸手当＋業績連動成果給 【営業社員の平均年収819万円】 ※月給は、固定残業代【…"
544,東建コーポレーション株式会社 | ■エリア勤務でも高収入！■上場企業で安心の将来を,月給26.3万円スタート【 営業 】長野募集＊未経験歓迎＊年齢不問 正社員,正社員,"月給26万3,000円以上＋諸手当＋業績連動成果給 【営業社員の平均年収819万円】 ※月給は、固定残業代【…"
545,東建コーポレーション株式会社 | ■エリア勤務でも高収入！■上場企業で安心の将来を,月給26.3万円スタート【 営業 】茨城募集＊未経験歓迎＊年齢不問 正社員,正社員,"月給26万3,000円以上＋諸手当＋業績連動成果給 【営業社員の平均年収819万円】 ※月給は、固定残業代【…"
546,東建コーポレーション株式会社 | ■エリア勤務でも高収入！■上場企業で安心の将来を,月給26.3万円スタート【 営業 】群馬募集＊未経験歓迎＊年齢不問 正社員,正社員,"月給26万3,000円以上＋諸手当＋業績連動成果給 【営業社員の平均年収819万円】 ※月給は、固定残業代【…"
547,東建コーポレーション株式会社 | ■エリア勤務でも高収入！■上場企業で安心の将来を,月給26.3万円スタート【 営業 】広島募集＊未経験歓迎＊年齢不問 正社員,正社員,"月給26万3,000円以上＋諸手当＋業績連動成果給 【営業社員の平均年収819万円】 ※月給は、固定残業代【…"
548,東建コーポレーション株式会社 | ■エリア勤務でも高収入！■上場企業で安心の将来を,月給26.3万円スタート【営業】神奈川募集＊未経験歓迎＊年齢不問 正社員,正社員,"月給26万3,000円以上＋諸手当＋業績連動成果給 【営業社員の平均年収819万円】 ※月給は、固定残業代【…"
549,東建コーポレーション株式会社 | ■エリア勤務でも高収入！■上場企業で安心の将来を,月給26.3万円スタート【 営業 】千葉募集＊未経験歓迎＊年齢不問 正社員,正社員,"月給26万3,000円以上＋諸手当＋業績連動成果給 【営業社員の平均年収819万円】 ※月給は、固定残業代【…"
550,東建コーポレーション株式会社 | ■エリア勤務でも高収入！■上場企業で安心の将来を,月給26.3万円スタート【 営業 】兵庫募集＊未経験歓迎＊年齢不問 正社員,正社員,"月給26万3,000円以上＋諸手当＋業績連動成果給 【営業社員の平均年収819万円】 ※月給は、固定残業代【…"
551,東建コーポレーション株式会社 | ■エリア勤務でも高収入！■上場企業で安心の将来を,月給26.3万円スタート【 営業 】岐阜募集＊未経験歓迎＊年齢不問 正社員,正社員,"月給26万3,000円以上＋諸手当＋業績連動成果給 【営業社員の平均年収819万円】 ※月給は、固定残業代【…"
552,東建コーポレーション株式会社 | ■エリア勤務でも高収入！■上場企業で安心の将来を,月給26.3万円スタート【 営業 】埼玉募集＊未経験歓迎＊年齢不問 正社員,正社員,"月給26万3,000円以上＋諸手当＋業績連動成果給 【営業社員の平均年収819万円】 ※月給は、固定残業代【…"
553,東建コーポレーション株式会社 | ■エリア勤務でも高収入！■上場企業で安心の将来を,月給26.3万円スタート【 営業 】東京募集＊未経験歓迎＊年齢不問 正社員,正社員,"月給26万3,000円以上＋諸手当＋業績連動成果給 【営業社員の平均年収819万円】 ※月給は、固定残業代【…"
554,東建コーポレーション株式会社 | ■エリア勤務でも高収入！■上場企業で安心の将来を,月給26.3万円スタート【 営業 】山口募集＊未経験歓迎＊年齢不問 正社員,正社員,"月給26万3,000円以上＋諸手当＋業績連動成果給 【営業社員の平均年収819万円】 ※月給は、固定残業代【…"
555,東建コーポレーション株式会社 | ■エリア勤務でも高収入！■上場企業で安心の将来を,月給26.3万円スタート【 営業 】愛媛募集＊未経験歓迎＊年齢不問 正社員,正社員,"月給26万3,000円以上＋諸手当＋業績連動成果給 【営業社員の平均年収819万円】 ※月給は、固定残業代【…"
556,東建コーポレーション株式会社 | ■エリア勤務でも高収入！■上場企業で安心の将来を,月給26.3万円スタート【 営業 】大阪募集＊未経験歓迎＊年齢不問 正社員,正社員,"月給26万3,000円以上＋諸手当＋業績連動成果給 【営業社員の平均年収819万円】 ※月給は、固定残業代【…"
557,東建コーポレーション株式会社 | ■エリア勤務でも高収入！■上場企業で安心の将来を,月給26.3万円スタート【 営業 】石川募集＊未経験歓迎＊年齢不問 正社員,正社員,"月給26万3,000円以上＋諸手当＋業績連動成果給 【営業社員の平均年収819万円】 ※月給は、固定残業代【…"
558,東建コーポレーション株式会社 | ■エリア勤務でも高収入！■上場企業で安心の将来を,月給26.3万円スタート【 営業 】福岡募集＊未経験歓迎＊年齢不問 正社員,正社員,"月給26万3,000円以上＋諸手当＋業績連動成果給 【営業社員の平均年収819万円】 ※月給は、固定残業代【…"
559,東建コーポレーション株式会社 | ■エリア勤務でも高収入！■上場企業で安心の将来を,月給26.3万円スタート【 営業 】静岡募集＊未経験歓迎＊年齢不問 正社員,正社員,"月給26万3,000円以上＋諸手当＋業績連動成果給 【営業社員の平均年収819万円】 ※月給は、固定残業代【…"
560,東建コーポレーション株式会社 | ■エリア勤務でも高収入！■上場企業で安心の将来を,月給26.3万円スタート【 営業 】愛知募集＊未経験歓迎＊年齢不問 正社員,正社員,"月給26万3,000円以上＋諸手当＋業績連動成果給 【営業社員の平均年収819万円】 ※月給は、固定残業代【…"
561,東建コーポレーション株式会社 | ■エリア勤務でも高収入！■上場企業で安心の将来を,月給26.3万円スタート【 営業 】京都募集＊未経験歓迎＊年齢不問 正社員,正社員,"月給26万3,000円以上＋諸手当＋業績連動成果給 【営業社員の平均年収819万円】 ※月給は、固定残業代【…"
562,東建コーポレーション株式会社 | ■エリア勤務でも高収入！■上場企業で安心の将来を,月給26.3万円スタート【 営業 】奈良募集＊未経験歓迎＊年齢不問 正社員,正社員,"月給26万3,000円以上＋諸手当＋業績連動成果給 【営業社員の平均年収819万円】 ※月給は、固定残業代【…"
563,"東京海上日動あんしん生命保険株式会社 | 新名古屋支社　★完全週休2日制★年収1,000万円も可能！",【ライフパートナー(コンサル保険営業)】★未経験者も積極採用中 正社員,正社員,■入社4ヶ月：固定給制月給30万円〜60万円※前給考慮 ■入社5ヶ月〜24ヶ月：研修期間手当＋業績給 ※研…
564,日研トータルソーシング株式会社 | 【売上931億円】＊年休最大160日・5/9転職フェア＠宮崎出展,AI・自動化で注目の【ロボットのサポートエンジニア】＊宮崎募集 正社員,正社員,月給22万円〜＋残業手当（100％支給）＋賞与2回 ■残業手当は100％支給します！ 入社後、1ヵ月半(研修期…
565,日研トータルソーシング株式会社 | 【売上931億円】年休最大160日・5/30転職フェア＠水戸出展,AI・自動化で注目の【ロボットのサポートエンジニア】＊茨城募集 正社員,正社員,月給22万円〜＋残業手当（100％支給）＋賞与2回 ■残業手当は100％支給します！ 入社後、1ヵ月半(研修期…
566,日研トータルソーシング株式会社 | 【売上931億円】＊年休最大160日・5/8転職フェア＠名古屋出展,AI・自動化で注目の【ロボットのサポートエンジニア】＊愛知募集 正社員,正社員,月給22万円〜＋残業手当（100％支給）＋賞与2回 ■残業手当は100％支給します！ 入社後、1ヵ月半(研修期…
567,日研トータルソーシング株式会社 | 【売上931億円】年休最大160日・5/22転職フェア＠札幌出展,AI・自動化で注目の【ロボットのサポートエンジニア】北海道募集 正社員,正社員,月給22万円〜＋残業手当（100％支給）＋賞与2回 ■残業手当は100％支給します！ 入社後、1ヵ月半(研修期…
568,日研トータルソーシング株式会社 | 【売上931億円】＊年休最大160日・5/8転職フェア＠仙台出展,AI・自動化で注目の【ロボットのサポートエンジニア】＊宮城募集 正社員,正社員,月給22万円〜＋残業手当（100％支給）＋賞与2回 ■残業手当は100％支給します！ 入社後、1ヵ月半(研修期…
569,日研トータルソーシング株式会社 | 【売上931億円】年休最大160日・5/15転職フェア＠岡山出展,AI・自動化で注目の【ロボットのサポートエンジニア】＊岡山募集 正社員,正社員,月給22万円〜＋残業手当（100％支給）＋賞与2回 ■残業手当は100％支給します！ 入社後、1ヵ月半(研修期…
570,日研トータルソーシング株式会社 | 【売上931億円】年休最大160日・5/22転職フェア＠池袋出展,AI・自動化で注目の【ロボットのサポートエンジニア】＊東京募集 正社員,正社員,月給22万円〜＋残業手当（100％支給）＋賞与2回 ■残業手当は100％支給します！ 入社後、1ヵ月半(研修期…
571,日研トータルソーシング株式会社 | 【売上931億円】年休最大160日＊5/29転職フェア＠浜松出展,AI・自動化で注目の【ロボットのサポートエンジニア】＊静岡募集 正社員,正社員,月給22万円〜＋残業手当（100％支給）＋賞与2回 ■残業手当は100％支給します！ 入社後、1ヵ月半(研修期…
572,日研トータルソーシング株式会社 | 【売上931億円】年休最大160日・5/29転職フェア＠京都出展,AI・自動化で注目の【ロボットのサポートエンジニア】＊京都募集 正社員,正社員,月給22万円〜＋残業手当（100％支給）＋賞与2回 ■残業手当は100％支給します！ 入社後、1ヵ月半(研修期…
573,日研トータルソーシング株式会社 | 【売上931億円】年休最大160日・5/16転職フェア＠藤沢出展,AI・自動化で注目の【ロボットのサポートエンジニア】神奈川募集 正社員,正社員,月給22万円〜＋残業手当（100％支給）＋賞与2回 ■残業手当は100％支給します！ 入社後、1ヵ月半(研修期…
574,株式会社バーンフュージョン | ※電話問合わせも可⇒0800-800-4089,電子機器センサー部品の【製造オペレーター】年間休日125日♪ 契約社員,契約社員,"時給1,200円~ ※試用期間2ヶ月あり(待遇に変動なし) ※経験・能力に応じて当社規定により優遇します 【…"
575,株式会社バーンフュージョン | 【入社祝い15万円支給有】※電話問合わせも可⇒0800-800-4089,正社員登用制度有！半導体ウェーハの【品質管理】年間休日180日 契約社員,契約社員,"時給1,450円~ ※試用期間2ヶ月あり(待遇に変動なし) ※経験・能力に応じて当社規定により優遇します 【…"
576,株式会社バーンフュージョン | 【入社祝い15万円支給有】※電話問合わせも可⇒0800-800-4089,未経験OK！半導体製造の【マシンオペレーター】年間休日125日♪ 一般派遣,一般派遣,"時給1,000円~ ※試用期間2ヶ月あり(待遇に変動なし) ※経験・能力に応じて当社規定により優遇します 【…"
577,株式会社パーフェクション | 【営業なし！残業なし！ノルマなし！】制度&福利厚生も充実！,＜未経験者活躍中＞契約済のお客様先を訪問する【調査スタッフ】 正社員,正社員,"月給206,000円〜400,000円＋歩合給＋出張手当1500円／日 ※試用期間2ヶ月(月給256,000円) ※経験・スキ…"
578,株式会社ア・ビュー | 〈 対象者全員面接 〉少しでも興味あれば応募してください♪,★新卒・第二新卒の歓迎募集★【介護スタッフ】★東海限定募集 正社員,正社員,月給21万4100円以上 ※あなたの経験や能力に応じて、決定します。 ※試用期間3ヶ月（待遇に変更なし）
579,株式会社パーフェクション | 稼げる人事制度＆誰でもスキルアップ可能なマニュアル完全完備！,【営業】キャリアアップ希望＆高収入希望集まれ！！！ 正社員,正社員,"月給206,000円〜400,000円＋歩合給 ※試用期間2ヶ月(月給256,000円) ※経験・スキルを考慮して優遇しま…"
580,株式会社クラシコ | ★面接1回 ★恵比寿駅徒歩2分 ★平均年齢28歳！,未経験でも高収入で稼げる！【不動産営業】★土日休み 正社員,正社員,月給25万円以上+歩合+各種手当 ※経験者は応相談。 ※入社3〜4ヵ月での昇給も可能です！ ※試用期間中（…
581,ECテクノス株式会社 | 【マイナビから採用実績あり】残業月平均20h・設立以来黒字経営,未経験歓迎！【電気施工管理】<賞与4.5ヶ月分／転勤無>★面接1回 正社員,正社員,月給20万円〜25万円(一律手当を含む) ※試用期間3ヶ月あり（同条件） ※上記には40h分の固定残業手当（4…
582,株式会社アジア技術コンサルタンツ | ほとんどが公共事業で安定感抜群！資格手当・管理職手当が充実！,中途のハンデなし／キャリアUP可能【測量設計】★資格取得応援！ 正社員,正社員,月給25万円〜57万円 + 諸手当 ※年齢、経験、能力を考慮の上、優遇します。 ※月給には一律手当を含みま…
583,株式会社阪栄 | ＜高収入＆高待遇＞ぜひあなたの経験スタイルを活かして下さい！,毎年売上増！食品工場の【工場長候補】★月給35万円～ 正社員,正社員,月給：35万円以上 ※上記は最低保証給です。経験スキルに応じて相談の上で決定致します。 ※残業が発生…
584,株式会社大濠地所 | 年間休132日／賞与～150万円*／*　*昨年実績,【 不動産営業 】◆福岡市内がメインエリア／転勤なし／土日祝休 正社員,正社員,"月給220,000円〜250,000円 + 諸手当 ※上記はあくまで最低保証額です。 　年齢、経験、能力を考慮の上、…"
585,株式会社スカイフィールドコーポレーション | ■転勤なし ■土日祝休み ■自社ブランドを展開する成長企業,案件数・受注額に応じ歩合支給◆元請けの【建築施工管理】 正社員,正社員,年俸制550万円〜900万円 ＋ 歩合給 ※経験、スキルなどを考慮した上、決定します。 ※試用期間3ヶ月（期…
586,生和コーポレーション株式会社 | 【大阪府緊急雇用対策に賛同】松岡修造さん起用のCMも放送中,土地活用の【提案営業】中途入社平均年収889万円！／未経験歓迎 正社員,正社員,◆月給30万円〜＋50万円＋出来高成果給＋報奨金 ※業界屈指の高歩合率！ ※月給には一律支給の外勤手当…
587,株式会社タクマ | 【東証一部上場】環境保全・エネルギープラントのパイオニア企業,社会インフラに貢献【プラントエンジニア】※兵庫県限定募集 正社員,正社員,月給22万310円〜（一律手当含む）＋諸手当 ※年齢・経験・スキルを十分考慮の上、当社規定により優遇いた…
588,株式会社タクマ | 【東証一部上場】環境保全・エネルギープラントのパイオニア企業,官公庁/自治体向け【プラントエンジニア】 ※北海道限定募集 正社員,正社員,月給22万310円〜（一律手当含む）＋諸手当 ※年齢・経験・スキルを十分考慮の上、当社規定により優遇いた…
589,株式会社タクマ | 【東証一部上場】環境保全・エネルギープラントのパイオニア企業,【プラントエンジニア（電気・計装機械）】年休128日／離職率3％ 正社員,正社員,月給22万310円〜（一律手当含む）＋諸手当 ※年齢・経験・スキルを十分考慮の上、当社規定により優遇いた…
590,株式会社タクマ | 【東証一部上場】環境保全・エネルギープラントのパイオニア企業,社会インフラに貢献【品質管理】 年休128日／離職率3％ 正社員,正社員,月給22万310円〜（一律手当含む）＋諸手当 ※年齢・経験・スキルを十分考慮の上、当社規定により優遇いた…
591,株式会社タクマ | 【東証一部上場】環境保全・エネルギープラントのパイオニア企業,東京、北海道、宮城県募集【プラント施工監理（機械／元請）】 正社員,正社員,月給22万310円〜（一律手当含む）＋諸手当 ※年齢・経験・スキルを十分考慮の上、当社規定により優遇いた…
592,株式会社タクマ | 【東証一部上場】環境保全・エネルギープラントのパイオニア企業,兵庫本社【プラント施工監理（機械／元請）】年間休日128日 正社員,正社員,月給22万310円〜（一律手当含む）＋諸手当 ※年齢・経験・スキルを十分考慮の上、当社規定により優遇いた…
593,株式会社砂建 | 配属先から転勤なし／昇給平均2万円／繁忙期以外は残業ほぼなし,【プラント施工管理】残業月平均10ｈ★年間休日120日以上可 正社員,正社員,【 週休2日 】 月給22万〜55万円＋諸手当 【 完全週休2日 】 月給20万〜45万円＋諸手当 ★ふたつの働き…
594,株式会社タクマ | 【東証一部上場】環境保全・エネルギープラントのパイオニア企業,【プラント機器エンジニア（詳細設計・手配指示等）】離職率3％ 正社員,正社員,月給22万310円〜（一律手当含む）＋諸手当 ※年齢・経験・スキルを十分考慮の上、当社規定により優遇いた…
